Country Name,Year,GDP (USD billion),Unemployment Rate (%),Energy Security Index (scale 1-10),Trade Balance (USD billion),Inflation Rate (%),Foreign Direct Investment (USD billion),Government Expenditure on Environment (% of GDP),Income Inequality (Gini coefficient),Poverty Rate (%),Export of Renewable Energy Technology (USD billion),Import of Fossil Fuels (USD billion),Green Jobs Created (number),Productivity Growth (%),Public Debt (% of GDP),Exchange Rate (local currency/USD),Interest Rate (%),Business Confidence Index (scale 1-10),Cost of Living Index (scale 1-10),Sustainable Development Investment (USD billion),Tourism Revenue (USD billion),Health Expenditure (% of GDP),Education Expenditure (% of GDP),Infrastructure Quality Index (scale 1-10)
Germany,2020,871.49,11.27,2.46,405.62,10.29,756.38,554.15,0.38,4.49,1603.4,985.27,296625,19.83,1559.62,5.72,10.16,9.3,7.86,1444.38,1935.25,1468.98,262.81,7.17
Canada,2001,1561.43,17.98,1.1,1933.51,18.78,1323.16,124.25,0.51,1.15,822.46,542.02,873478,13.49,1697.26,17.1,14.71,4.64,6.5,1711.54,253.26,573.09,416.97,3.09
China,2006,874.77,1.23,5.16,288.68,8.39,1394.02,748.85,0.43,5.32,576.04,1597.2,412088,12.32,1818.39,4.44,9.45,8.82,5.54,949.74,797.57,1148.09,1827.59,1.56
Australia,2011,224.4,19.85,8.28,1844.42,4.66,1206.55,1121.86,0.2,16.56,716.94,1577.91,775494,2.27,1944.58,3.6,11.49,5.16,9.76,1592.22,1230.5,620.02,337.88,5.85
India,2013,472.47,6.11,7.53,1661.74,8.87,789.98,801.56,0.38,1.69,149,379.29,823416,16.17,101.3,12.57,13.15,9.87,8.74,162.89,1426.68,755.43,515.47,3.1
China,2021,1803.03,6.34,2.2,239.99,15.35,1555.46,1871.73,0.52,11.6,1360.68,941.27,737333,14.11,820.4,10.74,7.94,2.93,6.65,1110.25,1987.01,26.77,112.03,8.25
Japan,2020,266.57,8.27,1.24,197.26,11.93,1839.47,1351.85,0.51,8.74,1481.43,63.16,291281,9.96,996.93,15.36,5.1,8.32,1.6,1700.2,443.02,1673.36,952.09,6.55
Canada,2022,1856.66,12.32,1.4,1142.95,16.97,1390.17,1752.87,0.53,16.12,1980.57,1939.44,160271,3.66,1966.53,12.4,1.32,4.89,5.82,442.85,298.55,586.98,182.11,5.96
China,2002,1352.4,5.75,2.18,647.24,5.46,1820.44,513.97,0.37,17.03,807.67,1226.38,719428,18.98,339.43,16.66,14.31,1.45,1.01,213.07,1048.28,441.79,727.17,4.63
Australia,2013,246.42,5.22,4.88,508.17,4.34,700.83,1357.66,0.56,6.35,1284.73,1088.19,705955,11.54,1145.35,11.81,7.63,4.38,1.92,1266.85,542.61,1502.21,1854.03,5.52
Germany,2008,227.06,6.24,9.03,199.99,7.97,1491.18,508.21,0.59,3.69,608.54,1629.84,905842,8.66,1311.41,13.69,7.59,4.1,1.99,353.04,84.09,370.37,446.8,7.26
China,2003,24.1,18.03,3.32,1280.17,10.78,1863.04,1300.05,0.47,4.53,887.49,645.24,976287,19.04,217.05,9.11,6.64,2.13,1.79,415.61,1504.68,86.45,1441.02,2.58
Germany,2016,1675.51,9.8,2.17,1322.49,5.12,273.87,667.11,0.54,11.7,1955.1,1219.53,626118,18.16,1233.12,9,12.21,7.31,3.46,1851.36,1959.06,634.71,1491.64,2.37
UK,2022,629.09,13.6,1.88,1859.41,5.01,1181.97,458.02,0.27,6.83,1072.37,331.54,450047,4.2,981.86,12.66,8.16,7.82,2.73,266.71,400.49,355.3,109.56,5.07
France,2005,556.07,4.9,5.89,567.81,17.75,38.86,355.93,0.54,12.05,1360.97,1234.43,711390,14.15,1023,16.13,11.17,6.51,6.14,327.91,1213.41,1674.36,1712.6,9.77
Canada,2014,1670.89,5.54,9.19,776.32,13.28,225.8,531.91,0.21,12.52,1109.92,134.05,419883,7.58,432.27,16.42,3.04,3.38,5.73,1362.14,316.29,1698.14,416.24,3.61
Germany,2002,1977.83,18.17,9.55,1503.07,2.58,1777.64,1850.12,0.26,17.28,433.55,395.66,345282,18.56,54.76,14.87,2.15,3.61,9.12,914.36,720.56,789.04,1027.94,9.83
USA,2005,1941.91,15.67,5.18,76.94,5.58,1025,1234.77,0.49,9.42,1189.73,1886.07,609412,1.3,1509.83,13.2,7.67,6.71,6.72,230.55,19.3,1570.19,1026.57,1.05
China,2000,1089.82,16.71,5.94,1595.37,5.16,233.51,429.59,0.57,5.85,1953.24,1079.33,513658,6.55,1593.85,11.38,16.92,7.43,2.33,714.03,841.91,558.59,608.73,1.21
Australia,2012,656.04,1.4,9.8,360.91,12.88,584.81,1670.22,0.4,13.12,465.99,1415.72,201775,4.77,1128.97,2.41,4.48,4.01,3.09,1040.34,570.79,983.8,1623.47,1.53
Canada,2000,1613.38,9.5,2.68,1855.62,15.8,1900.84,709.28,0.45,16.65,1411.22,1583.69,506913,5.48,1797.59,10.84,19.33,8.52,4.98,1296.77,434.66,1290.51,1138.14,1.77
USA,2003,555.95,8.58,6.36,1154.52,9.95,1410.68,1913.46,0.33,9.33,1512.33,907.04,541320,3.48,1465.48,1.41,11.47,4.2,4.96,398.42,670.58,150.66,428.42,2.03
China,2005,191.15,17.31,2.92,941.94,3.44,1369.01,507.73,0.54,7.04,1389.86,500.01,233533,14.52,403.41,17.8,8.69,6.34,2.44,277.23,807.82,931.44,1313.26,6.52
Japan,2005,108.58,17.81,5.13,88.83,8.31,1235.15,184.12,0.34,9.42,569.2,964.69,106969,9.58,1191.19,18.5,13.83,5.8,2.59,96.94,474.32,1775.47,711.92,9.99
Germany,2015,1943.11,8.16,8.11,282.94,15.31,828.29,270.01,0.54,4.21,142.52,1561.13,117783,11.73,1075.53,4.01,6.11,3.89,7.38,782.91,1545.43,1993.38,11.7,9.5
UK,2012,936.08,11.18,1.74,431.46,1.01,458.2,648.62,0.26,16.58,498.74,990.96,547743,18.66,231.31,13.74,18.89,5.03,8.74,417.17,1563.95,1267.59,1211.24,9
Japan,2002,501.52,1.02,3.13,366.28,1.93,249.75,1580.96,0.36,18.85,1873.4,1993.72,332999,17.17,1935.01,18.77,19.33,4.25,6.36,1122.47,1242.04,639.56,805.23,9.26
UK,2007,1218.32,10.38,4.71,946.34,9.96,1303.73,1467.59,0.35,6.89,1313.91,1979.01,914165,3.59,168.47,17.79,17.08,6.2,1.74,1140.38,722.13,875.51,1327.59,2.28
UK,2020,847.77,3.51,7.27,771.16,5.07,1469.06,1952.74,0.45,12.83,1904.68,1290.71,136129,6.29,334.81,1.59,10.25,7.22,3.29,42.37,446.68,1274.22,844.77,5.03
France,2003,1981.57,19.31,7.23,1813.33,2.51,1941.13,409.65,0.54,17.11,950.96,701.19,293833,8.38,1699.93,19.5,15.32,5.75,9.43,1393.86,409.98,1925.99,1258.94,7.84
USA,2022,439.13,17.39,9.89,1459.55,13.54,1250.48,312.04,0.23,1.49,376.32,1117.43,408849,9.49,1266.12,12.85,17.47,5.27,5.95,68.66,1388.79,792.9,530.44,4.92
France,2014,1468.97,1.77,2.54,223.11,14.22,1363.18,776.62,0.47,6.56,110.41,1333.06,704642,8.31,1422.44,9.2,6.68,9.62,1.31,1810.17,1117.21,1160.19,1226.65,9.9
Australia,2016,406.76,6.19,1.59,1257.91,17.17,1049.98,663.19,0.4,1.21,1417.27,1495.17,92113,12.73,1481.82,14.12,1.98,7.97,8.55,1629.33,1255.75,149.21,368.44,5.99
Australia,2020,159.6,15.82,4.95,84.97,10.57,507.98,582.09,0.58,11.65,607.35,1390.58,941389,4.2,1797.61,8.92,2.4,9.25,8.39,1726.82,1405.41,1200.26,1174.28,3.82
UK,2013,1112.3,1.44,9.15,946.32,16.69,1774.23,325.84,0.35,5.69,875.26,929.3,345963,2.03,958.74,12.06,5.82,6.59,5.62,1333.04,723.4,237.49,1960.4,1.14
China,2023,1768.49,2.5,6.74,1243.93,16.88,1006.7,1023.49,0.22,5.05,185.82,1144.94,264108,12.03,307.59,17.82,8.97,5.1,5.14,22.45,498.79,794.02,1263.97,5.41
UK,2018,1316.59,17.74,2.41,1986.55,9.65,1968.26,1705.62,0.28,11.18,518.56,630.86,447419,13.42,362.87,1.48,13.32,9.02,3.38,1872.89,1181.52,1633.33,894.67,6.12
China,2004,1390.64,4.05,3.84,486.91,13.91,1201.51,1329.56,0.59,17.53,810.97,934.29,245307,14.41,1592.35,15.32,1.34,9.08,7.83,1415.98,723.78,1869.99,1366.35,5.08
Canada,2001,431.65,2.67,7.46,648.08,6.93,1380.6,1318.24,0.2,17.95,206.7,159.55,49344,13.07,64.67,6.01,4.1,1.45,2.85,1274.35,696.76,826.86,1400.89,7.1
Australia,2016,1149.14,18.82,4.69,1034.36,17.71,32.07,664.03,0.28,2.45,1414,1094.18,792384,3.96,1057.95,3.24,12.68,5.72,7.46,424.93,182.41,715.62,1630.45,9.44
China,2006,127.89,5.61,6.08,1860.83,4.47,1633.37,149.38,0.58,16.1,301.78,1247.28,588730,5.77,1441.69,13.11,19.82,5.34,2.86,543.17,907.45,177.98,105.23,9.85
Japan,2008,210.32,11.7,3.57,1660.38,13.61,222.01,493.14,0.48,2.55,1775.99,1240.18,239466,14.65,531.36,16.49,12.46,9.87,3.02,653.39,1782.8,184.39,1371.3,4.13
India,2013,1446.46,7.25,9.09,1049.44,13.38,1997.73,1226.68,0.5,7.96,224.49,339.01,523369,12.58,1396.65,7.82,16.59,1.1,9.68,518.3,1908.89,1206.85,429.26,4.04
UK,2007,1401.34,11.11,4.75,432.96,10.5,1920.91,295.14,0.33,2.27,1533.25,412.39,168078,10.68,1131.23,11.11,11.97,7.28,5.01,660.96,380.1,793.07,1583.19,7.94
India,2009,614.49,19.15,8.14,1862.13,4.85,668.13,1199.71,0.54,6.39,1934.66,101.9,443870,8.67,826.13,17.79,9.38,1.91,7.73,200.26,1944.96,257.84,1814.62,5.02
Australia,2022,616.96,16.32,1.79,1021.9,13.59,690.94,1710.96,0.37,19.38,344,1356.12,494493,2.2,464.88,14.75,9.58,3.31,2.54,894.19,568.68,1877.25,43.99,4.49
China,2009,1517.98,7.63,2.79,173.83,1.18,132.11,540.72,0.39,17.16,511.25,203.85,210135,19.05,183.21,8.19,1.47,3.58,1.36,439.92,1013.81,1762.69,485.69,2.57
Canada,2016,1026.82,3.97,4.34,717.52,17.8,1261.76,1258.26,0.21,10.39,1437.48,617.35,689113,11.48,1620.37,11.14,17.35,6.16,1.89,1209.19,413.97,297.44,1441.52,4.67
Germany,2001,1724.73,3.02,9.73,1414.55,19.88,276.46,1104.71,0.5,15.25,1904.67,529.35,300004,3.7,794.39,3.86,15.95,1.71,4.8,625.58,1154.45,1359.36,300.69,7.08
Brazil,2009,1380.9,3.17,2.44,926.4,9.69,534.99,215.21,0.49,5.34,530.49,698.9,961487,3.08,1846.89,19.84,13.54,7.44,4.02,1470.06,977.01,263.97,1523.16,6.77
USA,2003,219.11,7.56,1.52,1767.34,19.41,469.36,24.38,0.38,15.26,1541.28,1918.71,474282,4.79,1001.04,6.61,12.75,4.77,3.59,931.84,1908.2,1441.72,130.01,4.48
France,2003,1387.12,12.75,4.87,1297.01,3.95,1244.24,1106.81,0.33,12.87,1561.84,730.98,192916,15.82,1529.2,4.02,14.62,1.95,3.2,1828.89,11.11,583.07,1316.02,2.57
China,2014,32.03,15.99,5.31,1348.5,8.7,1771.99,532.08,0.38,6.34,1241.67,1739.34,607831,9.78,159.44,9.38,5.13,2.58,8.28,1428.88,1902.27,1343.61,1840.75,9.9
Canada,2007,1855.03,9.41,2.73,1940.13,17.82,912.33,884.27,0.39,16.92,1316.01,542.17,706958,6.2,404.47,6.19,19.96,1.48,2.22,945.51,1489.49,1207.82,1097.9,9.42
Germany,2012,1341.52,13.09,7.27,564.08,14.22,1714.3,1494.47,0.32,6.45,849.36,1474.54,165672,19.16,1037.14,12.86,15.28,2.34,2.19,788.49,1524.49,1429.93,59.31,8.52
Canada,2018,1390.72,19.22,9.54,1544.87,3.37,771.55,82.79,0.53,17.09,1185.87,135.26,227068,7.49,537.47,8.59,1.77,4.1,9.04,1287.8,938.57,1179.79,864.81,4.59
Australia,2022,1966.06,18.94,8.96,296.09,10.25,1481.81,732.89,0.35,10.57,1473.76,1958.51,677190,5.92,730.66,8.84,1.1,8.1,2.59,1229.28,1624.46,1247.85,1818.4,2.92
UK,2002,1264.19,18.47,2.01,1388.7,3.85,1274.05,960.77,0.34,5.21,969.79,1333.78,823437,14.18,1577.39,3.5,10.69,9,3.03,512.88,1611.94,1372.2,554.05,5.34
China,2023,755.12,16.55,4.04,1362.97,2.17,1912.44,1736.74,0.47,12.59,199.63,732.6,9536,1.97,1487.58,11.9,8.18,6.68,2.47,1930.06,740.07,1677.5,1898.18,5.03
UK,2016,1540.85,15.8,1.58,1397.3,15.68,1420.02,1378.2,0.51,2.11,486.89,995.05,678938,3.83,1131.74,2.98,11.52,8.7,5.47,1362.24,600.12,606.88,959.58,6.26
Canada,2020,1422.23,2.82,9.23,1617.81,9.24,610.68,604.64,0.5,3.5,379.29,113.24,978544,11.46,1653.24,15.69,19.61,1.18,6.24,499.24,1454.05,669.77,1901.22,6.48
Brazil,2000,676.83,19.41,2.28,728.72,5.29,1666.67,1030.87,0.46,17.41,1006.19,58.15,932279,18.21,809.41,6.2,3.87,3.69,3.88,421.1,1665.92,491.22,147.25,3.6
Canada,2003,790.82,3.57,5.54,1869.64,8.26,776.76,1992.79,0.5,7.74,1573.36,1854.55,87021,12.35,1515.74,12.3,13.16,4.14,3.07,1722.01,1673.93,714.74,1059.78,6.51
Australia,2007,1225.32,16.16,3.04,1452.46,8.32,1519.54,597.17,0.33,17.67,1237.49,1453.5,953351,5.88,369.04,7.77,12.66,9.71,7.93,1181.6,1499.38,1520.51,1833.82,2.12
Canada,2001,1598.43,4.59,6.25,1646.6,5.07,814.55,1410.41,0.24,14.81,1160.46,409.64,583559,1.46,836.53,2.33,2.16,2.13,6.24,878.76,740.2,54.8,519.28,4
Germany,2010,699.19,2.72,9.53,502.79,12.54,706.35,1077.16,0.31,5.13,1979.79,1339.1,683211,7.37,1722.8,11.72,8.83,2.9,5.15,542.67,916.93,1454.09,1373.84,10
India,2018,152.5,13.74,1.57,1840.54,3.33,1576.92,736.41,0.51,5.55,1405.69,1066.87,703284,5.13,709.83,14.47,17.12,6.78,4.18,992.1,611.88,678.93,35.33,7.68
Japan,2022,1902.03,6.68,6.07,192.35,8.86,614.08,878.73,0.47,16.38,1019.04,1216.81,746626,5.68,1245.58,19.7,19.13,7.35,7.98,277.28,1977.82,184.45,1267.75,2.49
China,2021,1682.91,9.13,5.71,1572.19,3.18,394.96,1657.36,0.38,11.55,122.87,1435.36,884721,16.01,1025.38,1.76,6.93,6.91,7.19,1542.18,646.49,1038.7,195.17,2.62
Australia,2011,680.37,8.04,7.26,1311.33,13.56,1708.83,1460.19,0.45,5.5,1716.04,1655.18,533763,7.3,814.59,17.44,14.93,4.11,3.59,1540.3,17.81,1644.35,522.93,5.22
Brazil,2004,1472.46,18.1,9.48,431.61,8.69,1208.33,274.04,0.38,16.23,1175.23,1909.05,135116,14.46,950.8,7.23,15.26,3.13,4.09,1311.64,963.77,37.92,718.63,6.22
France,2000,327.21,2.23,9.74,1881.18,5.85,1498.93,1853.85,0.49,17.67,1019.59,1703.19,508963,2.85,108.22,4.73,6.27,2.82,6.23,754.16,146.01,746.91,1224.38,5.89
Canada,2017,106.76,2.7,3.1,872.3,4.18,315.77,1096.44,0.57,7.76,347.96,514.95,727426,9.44,238.12,11.36,3.69,5.93,5.02,388.43,656.17,30.92,1000.7,6.76
Japan,2018,1006.23,4.04,1.76,1981.21,6.54,785.48,1266.37,0.46,16.19,211.86,308.01,876476,16.15,1049.68,6.44,14.29,6.8,5.3,1218.3,1161.72,1909.4,364.68,6.48
China,2014,1687.07,16.18,3.53,1861.97,9.78,833.7,1333.91,0.47,3.58,1436.3,679.56,206358,9.81,1903.53,19.8,2.26,2.17,6.99,103.02,1595.28,341.63,27.95,6.33
China,2002,447.33,1.81,1.02,1152.08,1.14,54.33,1242.73,0.52,2.23,401.22,751.04,956299,6.18,1289.84,7,15.22,2.14,5.62,1403.61,938.57,624.51,1234.1,3.46
Germany,2013,279.07,7.04,9.27,1730.53,7.74,1914.27,985.9,0.41,12.15,129.8,68.29,16869,10.5,769.93,14.36,16.22,6.88,4.76,808.61,397.29,330.3,151.21,9.49
France,2023,1810.4,8.61,6.72,637.06,7.21,184.47,33.59,0.38,18.87,559.97,1027.05,8058,5.5,1088.96,4.61,3.43,4.89,8.2,1517.3,1694.79,672.92,895.72,5.32
China,2022,396.35,6.46,3.41,1246.15,9.14,1650.37,1847.38,0.37,16.32,800.59,154.88,914989,3.26,1828.1,6.15,4.64,8.66,1.59,1331.96,1457,1541.46,1184.02,1.11
USA,2015,976.58,14.16,1.22,412.64,18.17,1048.15,1997.95,0.42,19.19,1455.01,74.65,470386,17.75,1323.23,7.18,8.18,6.67,6.36,328.48,863.93,1710.05,155.76,2.15
India,2003,906.8,13.94,9.56,1043.22,15.77,1284.72,89.25,0.47,13.28,1885.31,1371.52,761467,11.52,573.91,6.49,11.87,2.13,3.97,985.54,1515.24,1841.72,1259.59,2.58
China,2006,531.27,5.87,7.56,402.54,11.15,1035.02,1225.18,0.41,9.73,1391.95,300.43,730590,9.92,329.56,11.22,7.34,9.37,8.65,346.15,574.89,426.8,33.62,6.61
Canada,2016,379.68,9.11,2.29,669.41,12.04,329.73,1605.46,0.52,6.7,304.66,1335.08,300040,6.56,1516.72,11.81,6.32,2.79,7.29,1780.67,838.46,354.76,1865.53,7.09
Brazil,2017,560.39,17.65,4.62,1826.71,18.5,1264.42,493.14,0.51,12.22,641.19,140.59,133951,11.86,269.68,1.49,9.57,8.8,5.74,974.9,1590.14,169.22,702.68,1.65
Canada,2008,46.91,13.04,5.04,1494.29,17.42,1280.54,605.08,0.59,2.88,1868.06,237.02,45349,3.26,1686.29,14.25,9.18,9.41,1.88,145.42,1219.92,1616.99,257.37,1.02
USA,2018,86.1,14.2,5.88,16.44,16.74,479.04,739.52,0.31,8.34,821.11,722.33,684943,17.04,257.31,7,16.87,5.12,6.7,413.63,1775.11,1148.3,1052.79,1.04
China,2021,1575.56,4.73,5.03,1916.28,7.43,920.05,794.86,0.28,18.89,719.16,72.53,202634,4.09,549.57,1.48,9.87,7.14,8.89,1459.21,1498.48,1364.81,1751.77,5.85
Brazil,2012,1035.26,11.58,3.39,1192.94,2.23,71.08,492.76,0.58,12.26,172.38,974.09,828090,8.77,1636.45,16.56,17.52,5.73,6.34,1235.69,362.15,915.51,957.78,9.18
UK,2012,1194.57,9.62,2.85,1683.19,15.66,1172.66,734.5,0.29,17.16,599.05,417.63,495617,5.58,194.88,11.65,11.18,2.3,1.38,1852.88,589.64,925.02,233.53,2.29
Japan,2004,1327.79,6.7,8.25,1993.85,4.08,493.96,1919.46,0.44,10.28,32.76,1999.34,151762,9.25,191.45,2.6,12.11,2.29,3.88,1948.59,1839.37,874.34,275.04,5.61
UK,2001,1474.34,4.23,8.58,389.5,13.08,909.68,281.84,0.29,12.86,953.27,1907.86,648950,17.49,969.39,12.77,18.45,9.15,8.06,1892.43,1725.03,937.47,1339.63,5.09
France,2021,1752.6,16.21,2.49,66.19,14.19,1056.01,71.1,0.42,17.03,1720.69,885.09,486826,8.67,834.49,13.85,14.62,1.73,8.2,590.8,143.75,791.25,1217.83,6.76
China,2000,1431.45,5.71,9.72,447.56,5.04,333.98,1148.25,0.42,1.94,732.76,593.25,667720,12.17,1267.27,19.61,11.88,5.58,5.2,117.11,838.6,141.87,1378.67,7.49
UK,2015,1482.75,4.35,3.23,1495.17,9.28,673.05,512.45,0.41,10.44,1315.68,1520.11,270165,12.54,931.41,18.5,18.65,3.67,6.34,1394.41,103.63,411.9,202.42,1.74
China,2002,1787.7,11.55,6.35,936.12,17.23,693.21,1372.74,0.36,13.37,1806.62,620.42,640597,16.25,858.58,12.85,6.07,9.92,4.27,1118.01,585.35,1398.96,1671.23,6.02
Canada,2002,1309.35,16.9,1.35,920.77,7.14,1455.03,441.87,0.32,13.24,1699.39,1050.8,440074,12.46,1284.09,4.45,12.66,4.41,3.76,1980.06,850.38,1617.62,459.97,9.31
Germany,2007,1025,1.45,2.66,949.39,2.3,1366.58,496.66,0.41,10.1,629.78,549.65,974310,13.74,672.27,7.41,8.83,8.69,2.44,1915.93,1472.77,891.55,140.94,5.18
Germany,2007,871.09,11.86,5.85,1750.45,15.4,1652.31,1347.52,0.51,5.69,146.83,1344.04,123097,8.22,824.89,17.14,10.6,4.06,6.68,1979.33,1541.24,872.48,1052.34,8.91
UK,2017,1444.5,13.9,3.54,1742.79,16,756.85,1141.74,0.44,11.57,62.04,253.84,575665,11.34,1320.7,2.75,1.33,8.9,5.47,1800.53,201.01,135.21,1629.27,6.39
France,2011,274.91,3.54,2.62,1026.16,10.85,1630.61,1253.82,0.44,9.96,836.74,1557.34,395309,17.95,1533.14,3.46,9.29,7.93,1.51,127.42,1370.47,673.04,1376.12,4.4
India,2007,579.72,19.89,3.25,709.22,15.1,1421.75,1842.05,0.54,6.99,177.96,603.4,694082,18.07,675.81,4.58,14.28,9.85,6.33,1220.22,940.82,335.62,1027.08,9.45
Japan,2011,1568.39,14.14,4.51,1039.92,13.55,531.32,1672.98,0.43,7.67,1768.98,1982.55,108769,10.5,1819.86,2.55,19.15,9.85,6.15,1500.49,1923.9,1007.93,20.66,9.18
Brazil,2002,1147.27,18.7,3.9,1282.36,1.29,920.42,747.81,0.51,12.06,898.58,320.23,210714,5.4,1373.09,17.44,5.01,8.39,3.88,1765.35,605.1,1465.16,608.08,3.18
Canada,2001,819.56,6.11,2.16,1806.07,6.68,1516.73,669.41,0.59,16.67,1955.46,1408.11,752868,19.97,698.17,3.85,3.85,2.19,9.29,1356.04,1180.3,813.4,796.2,9.38
USA,2019,1933.29,10.79,8.71,539.89,13.02,205.83,548.11,0.39,15.03,54.73,455.16,106485,13.81,1766.67,4.29,13.13,5.83,1.4,1054.23,1752.3,1693.74,1827.98,7.33
USA,2009,1011.39,5.78,3.7,1584.18,4.14,385.11,1765.05,0.27,19.56,759.26,221.74,632719,12.85,23.94,10.79,9.26,1.41,7.03,701.72,1574.86,180.5,870.07,7.01
France,2022,1989.48,1.65,7.5,714.84,3.97,1923.32,1967.36,0.44,13.47,1962.38,1171.58,328308,10.46,250.94,18.73,2.81,6.79,1.23,256.51,1662.29,1155,259.87,8.25
Canada,2007,500.67,12.89,3.24,1836.13,18.1,1643.03,908.58,0.29,12.29,1628.39,1726.01,756986,5.66,1543.74,3.64,10.9,5.85,7.97,1533.18,151.74,106.68,959.05,9.11
India,2010,1583.84,7.28,9.29,807.23,2.71,152.71,447.81,0.35,18.9,1383.82,1478.91,430429,12.31,1041.98,3.72,6.39,8.32,3.48,1036.88,843.64,182.57,1605.01,4.93
Germany,2022,619.45,4.8,8.36,1627.3,19.81,1817.7,1993.57,0.43,4.42,323.52,1243.76,323094,11.37,1855.45,14.22,6.07,9.93,3.68,1801.28,244.66,1802.27,914.19,7.29
India,2006,1629.22,13.02,8.22,1469.28,13.67,1967.53,1848.74,0.38,12.74,1848.39,542.62,673434,12.29,1973.93,2.64,8.96,1.37,9.22,1463.74,900.78,175.39,491.09,3.35
France,2005,878.99,9.21,4.22,989.65,13.1,1367.05,1078.01,0.5,9.87,697.56,1551.39,120566,11.45,1276.17,9.24,7.33,4.35,4.45,1391.98,350.21,1369.69,900.02,1.21
Australia,2005,1771.66,15.92,1.13,974.36,5.13,1751.37,109.88,0.24,12.48,1972.35,648.9,783252,18.98,469.53,4.76,8.8,3.45,9.24,1370.62,207.12,1127.21,335.85,6.05
USA,2006,392.45,3.36,1.4,523.95,11.63,755.81,1469.57,0.48,18.61,1314.21,184.94,376271,7.32,469.65,12.48,10.53,2.34,6.57,1545.46,1632.39,1759.2,1313.83,6.64
Germany,2014,144.1,4.79,3.21,1636.1,17.88,1339.68,1284.87,0.37,18.63,1211.06,1433.86,296256,9.84,1219.42,1.94,3.59,3.92,2.19,461.95,108.41,127.52,1396.98,4.56
India,2000,842.26,4.18,2.05,437.78,7.73,466.15,1173.79,0.27,14.93,1446.41,241.39,394416,6.18,909.56,6.09,13.7,8.03,8.69,1391.89,1878.32,780.66,778.22,3.66
Japan,2023,364.96,6.31,3.04,134.43,18.25,1581.84,286.8,0.45,12.99,1661.15,1113.18,264415,18.33,1473.19,15.61,1.24,5.44,2.89,962.49,1192.88,62.67,767.52,5.08
India,2001,1466.84,13.82,3.12,202.71,11.93,1924.84,1262.6,0.49,15.29,265.13,1927.64,680863,19.9,38.5,15.07,4.57,9.78,3.24,1508.54,1380.13,160.58,1112.57,1.68
France,2010,1992.13,15.61,4.69,1484.29,3.73,340.06,189.68,0.48,8.1,46.56,1721.41,188788,8.64,884.51,15.82,13.65,3.97,9.35,1462.25,813.82,91.46,1660.6,1.23
USA,2003,1555.45,15.1,7.49,414.56,18.18,940.53,483.98,0.43,4.22,588.52,398.84,692269,8.9,469.61,18.31,10.98,1.28,5.59,1775.98,578.45,1224.16,1479.33,4.94
Australia,2017,1378.26,13.51,7.83,962.62,5.38,727.54,28.46,0.5,11.39,1719.15,27.55,429034,7.08,1341.12,9.06,3.41,6.26,9.27,497.31,1538.32,1418.28,1543.62,2.58
Germany,2001,111.79,4.07,1.55,691.27,16.79,1765.15,1338.23,0.34,6.78,189.4,1735.49,297228,7.6,1355.84,7.36,19.56,7.29,3.95,1277.97,1791,1617.28,104.98,7.03
Japan,2003,1642.76,5.27,1.56,322.58,5.35,1339.11,1918.29,0.21,7.98,533.04,1627.43,579544,5.08,898.35,1.26,8.01,8.59,3.01,1371.96,166.85,1024.63,987.88,1.5
Australia,2022,799.25,2.37,6.7,457.45,3.63,371.72,1993.71,0.41,7.77,1435.85,1659.09,101998,9.16,1266.72,2.09,14.3,4.78,8.14,1346.73,1060.46,1514.7,1535.3,4.16
Canada,2012,86.06,16.48,1.38,1416.23,13.21,1864.25,249.87,0.49,11.55,800.96,931.1,175989,18.49,1543.76,19.27,17.69,1.88,6.68,1406.72,481.47,396.57,789.61,6.01
USA,2019,981.42,12.43,6.2,1047.71,17.01,1466.93,844.39,0.5,12.34,1520.39,754.47,672991,15.73,1284.43,12.01,11.09,2.73,1.82,530.51,1465.58,192.14,1182.05,8.53
Brazil,2002,1566.77,13.59,7.81,1675.55,6.72,1653.16,1567.27,0.44,13.03,1766.25,1205.74,719330,17.74,545.68,18.91,8.67,6.2,4.48,892.45,367.48,1191.02,760.54,1.34
France,2001,1856.96,8.71,7.51,840.89,16.21,1353.11,612.64,0.53,3.82,1587,1505.42,455858,4.9,607.38,13.01,10.97,3.09,8.37,128.26,812.18,704.02,990.02,2.79
Canada,2022,1857.35,16.6,6.28,1875.55,10.05,501.11,383.85,0.5,2.99,604.78,503.65,350846,5.54,1020.46,16.22,13.53,5.54,6.94,640.99,1087.1,448.3,1835.06,4.96
Germany,2005,255.35,14.18,9.34,1676.43,14.79,392.47,1627.6,0.59,9.1,871.96,1156.25,875794,15.45,880.23,2.38,1.27,1.16,7.29,963.6,16.19,690.17,1470.79,2.98
India,2007,1453.54,2.38,8.17,52.35,7.55,44.32,119.8,0.23,6.21,1680.21,34.31,404887,4.17,238.91,14,17.27,6.81,2.1,411.16,1677.47,206.32,1201.43,9.99
Australia,2011,677.73,14.39,2.63,809.56,2.32,439.7,836.3,0.29,7.18,1326.15,848,598491,7.94,1902.69,8.28,8.49,9.97,9.57,719.04,279.91,1329.92,249.87,7.98
Japan,2019,1921.43,16.27,9.15,576.23,8.61,508.67,1189.67,0.47,15.1,1117.91,661.39,745541,3.85,1892.74,10.92,11.01,8.95,4.68,1414.52,1404.66,523.11,735.26,2.19
Brazil,2012,62.34,9.44,1.37,1156.23,17.59,742.75,736.97,0.32,17.13,304.52,121.16,500254,1.3,1813.5,17.75,16.84,2.73,2.79,581.28,239.28,637.18,881.35,8.9
USA,2019,716.18,10.46,2.81,539.03,19.46,904.98,1357.83,0.39,8.46,1639.53,1781.33,950626,15.02,631.01,10.3,4.26,4.91,9.62,1806.49,43.96,839.51,1921.4,3.41
USA,2006,917.26,12.95,4.1,1526.49,16.64,385.39,1878.81,0.23,10.07,370.21,1267.3,938600,11.65,931.25,6.07,13.38,3.32,7.37,1777.99,596.66,33.19,962.39,5.49
Canada,2011,1305.21,5.6,9.2,1213.11,13.02,94.72,1384.9,0.4,2.28,1815.38,633.34,631038,5.06,1516.46,16.73,8.59,2.37,7.91,218.18,755.29,50.57,170.62,2.44
Japan,2012,1426.16,10.65,9.63,1616.65,6.41,1096.29,1636.22,0.49,10.81,822.79,1874.71,595046,16.56,1533.53,17.5,2.39,5.29,4.02,825.51,416.22,1214.93,1341.28,4.77
China,2002,1954.27,10.06,2.8,1622.88,11.44,1188.53,49.09,0.36,5.42,799.26,1952.32,538980,3.62,994.43,18.77,7.25,7.31,3.49,621.88,714.44,579.35,1853.84,8.74
Canada,2006,1325.78,19.27,5.4,1093.12,10.48,248.42,424.93,0.42,4.48,550.08,253.4,968871,14.24,211.3,8.17,5.82,8.14,8.34,748.94,46.52,1717.59,395.05,1.47
Australia,2003,1598.54,9.51,3.98,1682.94,11.79,311.22,1817.01,0.36,16.14,771.79,91.21,311216,9.07,998.87,3.45,10.34,8.87,3.73,1638.83,700.77,1195.47,1805.4,3.84
Germany,2021,238.53,14.91,5.87,1831.73,15.04,1971.51,56.28,0.45,6.36,1233.01,1145.56,259727,17.64,1802.45,7.85,8.42,5.2,5.84,680.32,1564.41,928.86,386.34,9.98
Australia,2005,1361.45,15.55,5.8,295.89,6.37,1900.27,1838.43,0.6,19.98,1951.46,1916.15,683585,9.12,186.09,9.92,12.65,4.56,8.24,1389.71,1028.99,26.98,1063.84,1.44
USA,2018,1954.48,2.79,8.15,986.9,13.57,1950.32,112.36,0.32,13.53,1391.42,942.64,200784,7.44,1548.66,17.89,16.1,1.04,7.65,198.96,383.05,123.18,1768.41,4.99
USA,2019,38.87,12.83,1.05,1367.82,19.15,1736.49,1638.55,0.28,9.99,1572.71,1127.38,255541,17.19,1607.28,7.11,8.81,4.67,1.3,245.36,219.62,1465.8,804.99,9.54
France,2010,1701.88,11.51,1.37,1309.43,17.67,1990.76,1293.67,0.59,17.94,1431.01,753.11,969129,3.92,717.31,1.1,5.6,4.87,4.79,177.85,378.47,1942.18,852.28,3.3
USA,2018,355.93,8.95,4.79,885.79,9.24,154.66,320.89,0.23,16.71,787.48,383.57,909809,8.01,1046.84,8.45,2.87,5.13,9.34,1015.41,334.99,1629.78,1460.76,1.78
Japan,2009,437.41,1.53,8.61,1891.66,5.25,219.49,696.25,0.54,9.53,468.59,824.68,610930,19.48,1133.6,19.39,2.76,6.18,9.15,474.93,1858.47,670.76,1064.47,5.18
India,2016,517.35,17.02,6.97,1413,13.93,477.26,1251.72,0.45,14.07,441.25,1804.59,511397,3.74,805.72,8.53,15.68,5.96,9.27,1434.57,213.01,1396.54,860.94,6.76
India,2014,1694.09,1.99,3.54,1123.07,16.6,619.96,1810.31,0.33,14.36,1434.29,1161.04,564414,17.95,401.57,12.55,18.29,6.83,2.85,1007.71,1168.9,1012.29,1640.21,5.82
Australia,2006,872.17,14.43,3.65,307.19,13.52,830.15,464.13,0.43,5.74,1051.29,327.11,800829,16.48,978.45,10.27,19.81,9.06,9.2,1859.93,1254.07,378.23,129.24,7.56
Australia,2015,1754.37,14.16,3.12,1682.23,6.3,1941.71,916.23,0.49,14.04,1775.13,98.36,584744,4.1,1868.22,16.67,17.99,2.91,7.77,939.1,455.88,1293.32,102.96,4.44
India,2015,1914.28,10.54,7.18,1991.45,11.1,74.79,1135.73,0.45,11.06,785.83,233.96,942087,12.22,1790.71,11.6,10.99,9.23,4,1301.25,1599.61,942.86,1574.63,9.44
Australia,2016,21.12,18.82,6.13,81.77,18.54,1521.79,498.95,0.6,5.13,1142.86,787.48,531004,3,1606.52,18.28,3.66,6.13,2.68,182.91,1522,1684.15,1177.27,9.26
India,2006,805.86,16.59,1.93,1485.15,1.9,1374.1,178.59,0.57,7.55,1865.41,1272.04,509063,3.04,699.92,6.99,17.47,1.32,6.73,269.12,151.92,185.98,1258.65,2.81
USA,2009,1196.75,12.21,5.71,1769,9.81,1217.87,661.79,0.57,4.22,824.71,1997.47,161975,8.13,1107.75,2.3,2,2.21,5.47,505.17,1807.14,675.08,1121.62,1.7
USA,2002,1257.91,13.87,8.27,1423.63,9.98,1742.63,1021.19,0.55,13.57,1175.09,1616.18,478309,9.64,19.25,15,18.61,5.1,1.55,748.98,1863.23,863.04,845.39,5.39
China,2016,1862.62,5.67,4.88,297.66,4.04,865.95,323.93,0.39,5.5,146.12,837.19,587095,17.15,1731.39,4.63,12.55,8.67,5.79,852.47,1081.9,39.78,1477.45,3.77
Australia,2022,1178.42,8.13,7.07,1749.91,13.67,1145.4,1991.49,0.59,5.98,1185.64,528.54,141303,5.48,1226.7,17.78,4.78,1.7,4.43,344.2,1947.2,1558.58,1784.99,8.24
France,2022,786.91,2.95,6.14,1534.04,9.45,1945.36,1609.29,0.48,8.13,473.99,271.68,90225,15.87,1539.27,3.45,14.27,3.53,8.45,1844.32,1911.56,1516.01,654.84,5.25
Canada,2004,523.74,16.13,1.21,338.9,5.58,1970.5,1284.52,0.21,8.15,1526.97,1501.82,334541,2.32,789.27,7.83,12.87,9.53,2.4,876.02,474.77,1400.24,1476.14,1.03
India,2009,228.89,16.27,6.48,1065.72,13.41,97.17,1710.5,0.21,10.61,1965.64,1275.27,844488,15.85,888.84,1.48,4.97,5.16,8.28,896.78,594.64,785.41,45.21,4.08
Brazil,2006,1148.36,1.51,8.37,620.07,15.9,1508.62,59.66,0.34,15.6,1229.34,1286.23,95185,15.37,362.4,10.11,19.67,8.17,7.62,1038.46,282.76,1775.48,20,8.89
Japan,2006,1325.18,7.07,2.09,1734.6,2.97,1780.89,16.21,0.54,14.33,1740.85,1464.59,106756,14.47,522.64,5,9.28,8.36,6.35,691.5,1604.05,1133.58,334.67,3.2
Australia,2000,258.78,12.8,7.6,1356.9,12.6,1764.58,560.34,0.27,6.19,1039.06,328.19,125218,14.81,1764.13,8.17,11.69,7.08,6.55,1054.36,1649.2,1096.42,1742.88,8.63
China,2006,240.8,14.35,4.56,978.39,18.83,1631.96,1536.24,0.55,11.66,1787.11,90.51,820623,16.69,1791.88,15.8,15.22,4.18,4.91,1289.59,972.28,183.82,362.41,8.65
Australia,2008,730.93,6.13,3.71,1066.65,8.73,1332.84,727.15,0.38,11.22,1331.15,1284,144302,8.72,1505.79,18.77,3.94,7.93,3.36,233.66,1463.91,63.34,450.79,6.49
Australia,2015,583.24,16.98,3.12,888.46,12.63,927.77,1738.09,0.51,5.63,920.38,363.26,249921,12.5,76.49,1.25,19.9,5.5,6.02,936.82,337.03,72.57,1731.78,1.34
UK,2018,928.81,17.59,1.38,1174.56,15.16,148.78,809.76,0.29,4.58,1264.07,1306.34,517077,17.46,1864.48,11.66,15.57,7.17,5.65,18.29,1023.19,1396.44,1757.45,5.29
Canada,2011,132.23,7.51,2.04,1541.05,1.47,980.97,1918.7,0.45,1.34,1028.19,1103.12,450307,11.47,1543.4,3.69,12.69,1.26,7.06,525.62,943.53,257.02,1005.61,4.89
China,2001,1831.38,13.72,3,888.49,4.81,489.9,1843.37,0.24,11.77,1094.01,578.96,382551,12.39,33.44,12.76,1.53,6.01,4.42,972.78,1302.52,961.37,1680.35,6.99
China,2012,462.78,12.78,5.22,1803.73,11.47,176.75,873.79,0.55,3,1632.89,164.05,24831,1.46,1040.63,5.89,2.32,5.93,8.29,965.8,1862.55,202.85,209.8,3.26
France,2010,452.09,3.7,5.23,1912.03,7.1,1702.12,611.93,0.35,1.79,1192.45,1390.83,690198,15.28,963.79,7.98,12.05,2.75,1.25,738.33,1133.31,100.34,1898.92,9.45
Brazil,2007,1601.54,12.65,2.83,578.31,1.79,1980.35,372.24,0.5,8.94,1940.03,962.38,990753,9.82,1632.08,5.18,11.5,8.09,5.76,1178.34,851.09,1043.86,194.23,5.67
Germany,2015,34.98,19.18,8.39,964.96,17.08,1871.36,896.68,0.41,19.31,1640.39,12.52,855184,10.32,146.26,8.76,8.58,3.35,9.16,350.25,1767.24,1499.55,490.81,9.55
Australia,2018,1863.55,14.03,2.81,766.26,10.42,863.26,319.66,0.3,16.72,482.36,1469.91,740113,15.52,1414.44,18.08,7.99,9.35,7.21,405.06,1276.98,250.84,1064.18,6.94
Brazil,2002,547.4,14.66,3.96,111.31,15.28,1015.38,1890.77,0.21,1.33,71.55,605.2,216051,9.96,1775.48,14.6,16.22,3.4,7.2,1180.34,414.7,490.96,165.52,1.77
UK,2013,1293.18,18.9,7.58,1131.57,3.23,695.19,1555.6,0.53,7.09,225.76,1885.86,158068,13.59,139.92,2.17,14.96,4,2.72,815.03,395.43,1442.81,1749.49,9.82
Canada,2022,721.87,6.59,1.12,1126.36,8.14,576.06,634.99,0.56,11.4,360.33,545.86,813830,18.53,1832.94,19.25,10.62,5.29,8.07,1043.58,1018.44,279.64,1620.48,9.8
Germany,2003,1701.04,11.28,4.28,1132.14,16.55,411.45,619.89,0.4,6.57,720.23,1334.92,165316,13.22,19.62,7.07,2.24,3.72,3.39,54.43,307.87,1947.46,623.69,3.57
India,2012,1285.59,12.44,6.15,18.48,7.65,1275.36,1341.6,0.27,8.39,1231.25,194.8,827688,4.44,1234.77,16.12,13.2,9.88,7.45,651.2,756.16,494.52,1510.93,9.91
Canada,2020,1686.11,7.54,3.31,103.17,8.32,778.14,1609.03,0.6,19.81,273.77,707.24,288290,14.83,567.55,3.15,10.26,5.37,1.67,463.04,1770.5,518.14,62.36,3.19
Brazil,2006,1105.61,12.72,8.48,1013.49,10.35,1320.51,193.98,0.26,3.69,621.96,1766.75,661931,9.71,771.14,13.97,2.26,6.76,1.55,1119.39,911.85,37.88,1154.84,6.89
Germany,2015,1142.51,10.22,9.36,1128.02,12.55,1070.51,1103.41,0.22,1.16,1772.89,1902.65,575217,11.08,999.84,9.76,5.6,3.29,8.31,1655.85,117.18,335.19,52.64,9.43
Brazil,2008,535.87,14.14,7.18,1096.17,10.92,1121.72,546.1,0.57,14.1,1728.4,1871.67,810149,10.23,1972.15,16.97,5.39,9.4,7.26,1389.89,1285.41,335.25,1507.44,6.58
UK,2021,1915.06,17.07,6.92,645.91,6.78,519.98,1105.54,0.39,16.17,118.77,1973.79,548193,2.38,1168.74,10.44,8.57,2.54,9.61,763.05,1501.41,330.58,922.43,9.15
China,2004,1371.91,7.79,3.08,628.64,6.25,1599.1,1774.01,0.39,18.18,1461.42,1758.09,763742,4.44,542.23,10.18,11.75,7.23,9.99,1188.72,496.56,273.68,1537.02,3.66
India,2009,1179.73,17.56,3.86,1092.18,7.82,1775.42,183.06,0.37,7.2,180.25,1301.7,875658,6.34,871.59,5.17,17.86,9.58,5.01,1107.48,347.17,68.44,1490.43,7.7
UK,2006,195.33,13.6,4.94,81.39,3.81,695.29,864.95,0.42,11.64,1522,323.6,133798,2.6,1005.11,5.09,13.54,8.55,6.78,618.6,235.17,1667.56,169.12,4.09
Canada,2023,985.35,8.9,5.52,185.69,1.55,885.5,1732.91,0.59,12.24,874.26,1486.37,776520,11.77,596.86,1.49,18.41,1.57,2.77,831.89,286.19,112.16,392.85,4.12
Australia,2019,662.92,4.33,7.11,1065.36,11.22,995.25,930.64,0.28,11.48,1399.83,934.18,665236,1.47,256.8,17.2,1.32,9.11,4.15,1833.08,1685.27,837.9,1616.57,2.4
Brazil,2015,321.28,6.15,3.16,1712.16,13.67,1455.66,1010.61,0.23,15.2,1915.3,1404.7,545620,2.23,1012.68,6.16,18.95,2.56,3.56,1990.76,85.66,841.59,1859.48,2.5
Germany,2012,1160.03,4.03,5.6,1437.07,8.81,1646.1,1394.92,0.34,11.04,294.32,1645.65,129160,17.8,419.04,13.02,1.34,5.59,7.73,1128.16,616.47,933.23,1939.99,7.67
Japan,2004,392.62,16.25,4.48,183.33,5.38,46.03,462.56,0.5,9.8,152.16,1862.33,916182,5.12,257.62,7.92,18.2,1.76,3.62,1710.43,1027.43,1401.27,560.33,9.52
USA,2006,497.55,17.72,6.5,1962.82,11.29,830.84,606.06,0.37,17.89,1729.96,1235.57,721941,7.12,1814.61,8.1,18.72,3.42,4.91,1022.31,1157.8,1998.54,898.68,2.42
France,2015,1545.64,12.94,9.43,1700.87,14.44,982,924.05,0.45,8.92,892.82,221.12,938753,1.22,137.24,11.73,8.68,7.75,2.48,1902.46,1020.19,1036.49,799.5,1.31
China,2023,364.8,14.58,2.44,1435.75,6.22,463.46,469.76,0.44,3.37,426.23,421.73,42415,12.2,1699.06,6.82,4.73,7.65,5.06,892.04,873.27,67.57,1106.15,1.17
India,2022,473.22,19.97,5.85,829.63,20,603.62,1600.83,0.5,18.04,1298.62,1385.29,307505,2.55,522.67,18.57,16.32,8.82,1.82,1446.58,445.65,505.47,1569.6,5.88
Japan,2013,201.61,17.6,2.12,189.54,6.49,1965.06,614.75,0.56,13.42,1578.03,1888.69,443350,15.96,1338.84,9.07,3.1,6.08,7.2,123.34,1221.59,936.6,804.69,5.71
Australia,2006,523.75,17.38,6.99,1952.34,9.92,1088.6,1188.69,0.46,14.23,851.97,412.03,576488,13.07,1913.37,15.08,8.92,1.15,1.19,32.47,1841.39,155.46,873.82,9.61
Japan,2011,1169.44,5.06,7.11,116.14,7.32,1784.05,1462.11,0.24,5.05,1938.15,527.21,333075,17.72,720.51,18.05,11.63,5.95,4,439.68,538.07,1310.95,957.34,8.1
France,2002,84.32,18.71,3.48,37,12.68,1631.84,688.7,0.39,12.52,1262.9,824.17,768552,16.28,881.53,17.92,5.64,6.36,8.98,179.49,1793.42,1557.06,1426.23,9.76
USA,2009,133.13,11.3,1.49,930.32,1.3,1194.21,1028.91,0.33,9.4,273.83,1507.57,287793,15.06,790.95,19.78,7.38,1.51,2.86,1227.36,263.27,1004.33,1386.6,8.94
Australia,2010,234.71,13.91,8.71,354.53,7.14,375.92,651.47,0.45,12.49,444.03,1537.9,274796,2.38,844.86,8.85,4,8.26,5.93,200.09,1606.68,435.28,1030.14,8.46
India,2010,1009.6,15.27,1.35,1554.43,18.37,271.6,75.21,0.59,3.33,521.96,1454.73,191622,11.01,1257.5,17.5,13.17,5.57,2.3,803.11,656.15,1215.67,1303.75,2.25
China,2022,473.14,9.83,6.93,745.54,4.4,1203.57,1764.3,0.34,8.77,776.69,502.46,263767,10.56,149.35,2.15,13.86,5.76,6.15,685.98,1082.16,678.94,717.38,3.34
India,2005,10.52,17.01,4.68,1408.3,11.73,178.37,1217.12,0.48,19.47,1994.9,776.02,653708,14.53,323.07,8.94,7.07,5.61,7.15,1547.77,1214.13,973.01,1093.02,3.7
USA,2010,540.85,7.57,7.01,391.35,11.57,672.35,581.33,0.55,13.64,412.87,718.78,28089,6,1100.26,15.75,19.88,8.24,9.54,1138.78,378.15,11.93,1556.66,4.91
France,2023,1145.07,11.98,7.69,1259.5,12.31,234.81,1095.36,0.58,3.61,1696.38,1187.5,594208,3.58,552.55,13.86,6.57,7.25,7.73,378.21,29.64,331.71,458.77,9.61
France,2004,323.51,14.5,2.47,1152.5,5.19,1438.31,270.92,0.59,19.33,1998.07,1264.31,26409,12.62,345.3,2.39,13.32,3.43,5.33,996.14,881.91,1395.54,1234.15,5.46
China,2019,629.78,1.89,8.14,202.93,12.09,1532.38,469.32,0.31,18.58,1346.78,480.87,381978,9.58,805.82,9.09,19.42,7.18,9.06,1022.88,788.08,1078.6,835.79,7.15
UK,2002,562.54,14.23,6.52,650.11,9.7,1230.73,1071.44,0.52,15.72,1538.08,1961.08,9149,5.24,723.07,15.85,2.74,6.32,2.02,1238.18,502.71,827.23,283.01,8.97
India,2005,1302.43,10.34,3.34,569.56,6.39,1637.04,1042.01,0.38,13.27,568.69,1024.21,136792,10.5,717.63,18.58,14.74,9.44,3.77,1267.82,1911.82,513.74,1849.2,1.41
UK,2023,418.02,17.76,3.75,752.05,7.03,1993.07,330,0.55,15.03,250.19,1001.07,904503,2.6,422.62,8.04,7.44,3.92,3.23,805.8,245.17,454.9,940.59,8.99
Germany,2020,1001.78,10.23,4.74,465.77,5.17,421.79,1932.43,0.42,4.6,114.76,52.94,46375,11.06,1353.62,18.49,13.94,2.22,3.68,1502.92,1184.42,1670.81,153.25,3.86
Brazil,2017,1011.9,3.62,6.24,1534.94,7.34,828.97,1793.46,0.59,19.5,1654.75,1760.54,548530,2.61,1677.92,7.69,8.62,3.18,2.34,1196.44,360.34,892.51,1692.1,9.12
Japan,2023,1678.45,10.19,9.55,416.32,2.74,695.24,1989.43,0.52,10.36,1847.83,584.53,667635,1.92,680.72,6.27,7.41,10,7.46,1494.15,1835.31,1835.9,1010.42,1.89
Brazil,2004,809.68,6.76,3.3,903.18,1.28,1140.09,918.78,0.37,19.78,1562.46,934.69,61488,12.38,222.6,15.22,9.37,5.17,8.45,1111.09,22.65,1307.28,390.41,3.22
USA,2013,962.7,9.89,5.14,1131.92,4.23,666.68,1589.2,0.37,8.14,862.1,434.44,331634,15.2,783.77,18.95,1.83,7.03,9.04,1211.48,1622.81,1504.1,1460.2,5.63
Canada,2006,794.63,13.02,2.71,1502.31,17.24,431.98,1906.97,0.51,1.89,695.28,385.77,62765,18.03,576.37,12.97,9.35,3.73,9.4,21.02,491.25,981.67,331.28,6.15
Canada,2015,1007.97,11.33,5.45,487.11,1.06,978.65,1525.02,0.48,20,1184.35,1536.3,23276,15.59,1529.41,10.3,15.36,4.77,5.61,1797.61,1565.87,287.43,1808.45,3.6
UK,2013,1839.09,1.84,6.5,147.91,10.29,217.12,1766.75,0.33,16.97,1777.65,922.05,948226,16.73,1673.75,10.4,17.39,7.38,5.11,1167.37,1399.13,1692.98,165.41,6
India,2004,267.41,13.99,3.95,770.62,2.95,106.68,134.62,0.27,7.68,1043.59,119.15,276759,3.4,430.69,8.88,14.01,9.59,5.34,1669.79,1135.51,1475.2,976.85,5.41
USA,2001,529.03,13.65,9.44,962.59,9.18,1196.2,1212.06,0.51,13.23,692.97,646.97,597919,12.59,1363.51,4.52,11.93,3.76,3.45,467.85,905.35,1429.58,941.43,7.71
Germany,2005,1856.62,14.96,3.93,897.55,2.14,254.8,223.51,0.28,8.32,120.95,1017.92,632170,7,824.18,3.19,5.62,6.98,8.5,1240.14,829.6,1959.02,1154.79,7.84
France,2017,941.79,14.07,7.19,1388.44,8.52,1984.68,369.11,0.34,8.34,1731.61,848.24,998780,13.25,733.21,12.04,19.47,2.64,4.33,614.17,903.9,156.81,646.66,2.25
India,2016,156.25,4.62,3.75,188.69,10.5,771.95,772.04,0.56,13.24,1719.55,317.62,453419,3.9,79.94,18.64,11.78,1.1,8.21,505.61,1118.84,1853.79,227.16,4.04
France,2009,1188.3,7.09,3.97,1297.04,8.69,647.4,1390.5,0.3,14.95,430.69,1920.51,919932,10.77,1969.34,19.47,11.28,7.43,6.78,1029.8,1835.13,1095.52,1094.29,5.61
India,2008,366.86,4.87,8.62,1993.92,4.79,1341.5,1055.38,0.54,14.6,1587.17,1444.48,321296,1.48,641.2,6.27,14.02,6.8,7.47,1917.1,1839.82,800.85,1333.89,3
Canada,2007,804.46,3.16,1.23,792.22,1.57,540.44,320.99,0.31,11.62,1488.42,1274.01,463313,6.09,1360.41,3.08,4.36,4.88,2.05,63.65,439.82,918.84,520.03,2.98
France,2015,1074.7,8.01,7.31,47.75,4.8,1535.7,1413.37,0.4,2.82,1959,277.85,265679,13.35,1797.87,7.24,8.4,6.79,8.2,1644.64,601,1257.65,145.08,8.97
Germany,2001,342.04,9.78,7.81,677.36,7.65,1839.04,466.51,0.52,2.34,1752.12,1828.44,689062,10.38,1962.45,18.67,5.3,6.66,1.64,872.54,313.45,955.45,196,7.23
Australia,2007,325.73,16.78,8.96,725.71,12.56,40.25,1302.43,0.59,10.57,248.19,1217.11,175488,4.09,614.36,15.11,10.14,5.1,5.11,1326.99,342.59,84.64,343.29,4.77
Germany,2009,652.77,5.45,3.04,732.04,11.32,183.19,132.62,0.31,6.79,846.44,1963.4,601348,2.08,1037.03,3.29,13.96,3.35,2.93,904.08,1179.19,1092.51,681.42,9.81
UK,2019,645.7,6.43,5.82,1637.51,9.61,474.55,1646.32,0.35,18.79,1300.83,991.19,214383,12.61,299.81,14.34,15.19,6.02,8.59,1830.71,358.34,35.14,813.03,9.55
Germany,2001,1924.63,19.53,9.85,393.56,14.52,493.27,446.26,0.29,13.46,1449.75,995.05,572759,1.9,82.38,2.46,18.34,3.29,5.94,387.88,123.4,1798.31,198.34,1.03
China,2009,1112.44,9.33,9.68,851.12,9.04,1540.9,952.45,0.5,13.51,468.55,830.82,639454,5.35,1947.32,13.47,13.77,1.84,1.57,608.69,856.01,1579.87,1723.38,9.68
Australia,2014,1647.36,18.17,3.19,609.38,15.75,56.86,846.01,0.57,5.58,625.66,908.13,665108,17.89,1767.18,16.99,11.62,5.31,8.06,1665.13,612.04,857.34,891.72,2.73
Brazil,2018,1538.33,3.14,5.52,1463.44,6.19,366.64,488.85,0.35,15.39,449.84,1136.86,67862,19.91,1110.41,4.46,16.37,2.28,8.11,470.81,1011.58,603.49,1690.74,2.53
France,2012,1669.31,13.49,8.27,191.33,10.45,1826.28,1993.75,0.41,7.25,185.14,1342.77,547158,1.34,176.89,8.84,11.43,4.04,1.69,240.09,729.58,1025.49,1646.06,3.86
Japan,2006,651.58,17.01,8.03,427.47,9.83,1964.36,1105.18,0.54,6.1,555.2,1900.35,445103,2.15,1219.73,13.63,15.51,5.03,7.82,817.86,498.07,1254.19,282.62,4.3
UK,2023,1348.96,9.87,7.45,1796.28,18.99,1890.45,1722.78,0.57,8.94,1557.83,456.41,242899,3.21,1120.16,10.67,12.27,4.15,1.63,498.51,314.32,1021.4,45.94,3.48
UK,2006,1890.64,11.97,5.95,709.95,5.62,728.89,1502.17,0.46,2.84,1837.16,1263.06,802605,5.15,511.72,3.84,15.46,7.01,4.88,1810.11,1213.76,399.18,1210.5,1.06
China,2015,101.5,6.86,2.71,1890.68,19.84,1340.18,1570.16,0.29,10.9,66.71,361.6,480440,17.71,1030.42,18.22,18.51,6.26,1.1,877.62,129.16,526.7,156.73,8.35
UK,2020,1833.17,17.2,5.31,147.59,15.35,1729.35,564.21,0.4,13.24,1679.08,332.35,805793,13.68,1307.57,13.9,4.86,2.7,8.32,1766.55,378.01,1428.39,1071,9.61
China,2000,1102.43,9.28,5.74,1231.06,5.82,430.75,1377.48,0.38,19.37,425.26,990.9,206847,18.07,999.14,5.48,11.98,1.9,7.77,1884.57,1199,958,791.74,8.86
Japan,2005,886.1,18.69,4.33,1490.66,3.07,1454.36,1071.15,0.35,16.58,855.11,1575.47,210881,12.53,252.63,6.01,16.07,3.95,9.02,1355.12,47.33,497.21,1486.62,2.56
Brazil,2017,1485.23,2.21,9.83,878.47,10.82,120.85,1030.67,0.23,12.61,895.26,105.47,878891,13.1,1629.64,8.52,9.73,3.29,4.45,335.49,921.91,928.16,610.31,1.49
Brazil,2000,367.13,7.84,9.75,413.46,1.34,367.15,1308.76,0.41,6.06,1083.07,261.57,928532,7.8,213.92,7.99,8.51,8.94,2.41,234.89,1010.12,653.56,986.07,9.88
Australia,2017,985.88,9.26,7.91,135.12,13.99,736.42,1621.02,0.31,13.65,722.06,286.83,346465,1.3,291.44,11.97,8.75,1.91,6.59,770.58,1854.61,968.78,1320.63,1.69
Germany,2011,446.95,1.9,6.94,393.44,1.97,315.68,609.63,0.52,11.1,790.5,1688.03,197999,8.77,92.7,10.16,5.12,8.07,8.82,1289.6,667.25,730.43,1906.17,5.43
China,2014,388.2,16.48,9.15,634.31,18.32,434.5,1153.34,0.45,9.19,1433.96,33.83,743339,1.81,1835.6,16.2,13.07,2.34,2.4,1433.93,1876.71,541.76,296.09,5.49
India,2002,908.1,12.95,5.58,1360.2,1.1,1468.37,1964.56,0.44,14.91,1842.75,1212.32,261465,18.57,46.61,19.39,19.73,2.42,4.17,1450.49,1208.7,1966.15,565.91,5.61
Australia,2007,1673.49,14.95,7.41,1153.29,17.21,93.3,1984.71,0.3,16.13,1616.3,414.96,959157,15.86,455.84,12.92,11.69,4.1,9.18,261.34,1467.17,682.58,93.33,2.99
India,2017,1760.33,11.56,8.66,111.24,14.17,258.23,144.77,0.48,15.85,909.4,1654.87,34535,12.17,1059.38,10.25,1.06,1.46,1.99,199.64,889.28,269.42,832.86,3.98
Brazil,2009,1738.3,16.67,1.39,928.36,10.67,1687.26,1529.16,0.44,18.93,34.12,1975.38,536564,14.1,1701.04,4.55,10.62,1.04,3.99,1481.52,1149.54,769.03,1624.58,3.93
Germany,2002,136.69,4.88,7.49,1278.15,6.82,286.02,939.1,0.32,7.97,1897.75,1134.48,454027,7.08,107.63,3.49,14.53,1.91,1.03,728.8,572.95,170.48,1908.45,7.7
Brazil,2017,1797.55,17.98,8.74,1620.22,10.58,697.61,692.27,0.26,14.48,1911.01,1298.79,108787,19.69,220.98,5.89,14.76,2.26,8.28,402.01,1689.38,721.9,199.61,9.18
Brazil,2016,38.07,4.05,6.45,102.09,15.42,1597.04,672.21,0.33,9.59,897.65,151.41,602734,8.36,1515.13,6.49,18.7,2.07,9.14,1851.18,1773.63,229.13,1465.18,2.12
France,2015,1427.68,13.02,4.83,1149.45,1.57,265.57,1107.32,0.21,14.05,551.33,620.55,82792,15.21,571.59,18.17,1.85,7.04,5.92,1327.6,1919.44,971.54,1157.6,1.37
Germany,2007,303.39,9.57,4.36,739.08,2.85,19.3,897.54,0.39,10.51,447.93,437.91,757447,8.94,854.43,7.08,1.99,8.26,4.2,1983.68,155.02,1533.4,678.25,9.69
India,2023,1508.2,1.47,9.36,1141.41,9.01,842.97,506.91,0.46,13.86,1723.17,286.27,765091,5.95,533.16,5.36,5.74,7.96,9.59,1585.66,1670.95,1198.28,952.05,3.96
Brazil,2009,1799.86,1.19,4.92,1476.14,7.32,1222.75,26.8,0.48,18.68,1761.3,1032.19,970974,2.1,1953.36,13.78,15.72,3.88,1.77,1193.11,1203.06,1723.28,1488.8,1.23
France,2018,221.78,9.9,7.54,1507.3,10.52,1655.48,846.33,0.44,19.1,754.26,223.79,164646,8.42,1299.59,5.54,13.93,9.11,9.25,198.43,1762.99,1337.29,1524.04,2.29
Brazil,2022,1120.09,6.23,2.21,684.98,6.17,937.86,1664.37,0.45,12.46,784.17,644.59,215916,17.1,1044.13,12.45,6.4,3.05,4.15,1022.36,1626.39,1303.88,1933.44,5.47
Japan,2006,1407.33,18.06,3.66,1038.68,14.93,1261.4,1376.45,0.38,12.01,1254.01,457.47,596898,5.56,1059.03,13.79,13.49,6.9,9.64,1336.79,1451.69,1442.82,584.18,7.88
Japan,2015,793.72,4.78,4.75,1094.6,18.32,1214.71,1062.92,0.48,9.38,713.91,919.26,533983,12.88,1268.28,8.35,3.89,3.61,4.05,757.59,1568.53,1723.15,590.89,8.51
France,2021,879.19,8.89,5.23,708.72,13.79,870.85,1287.2,0.38,5.17,1820.93,1628.44,655915,1.58,529.31,13.68,8.44,4.79,7.92,1665.06,702.53,212.46,1642.42,9.92
USA,2006,1148.5,2.39,8.77,1441.92,5.5,1529.42,1607.34,0.59,11.43,1323.26,1306.42,579004,13.34,1661.68,15.99,3.99,8.96,6.94,603.97,162.25,302.5,979.47,2.91
USA,2008,1329.84,7.74,8.78,1639.66,15.03,626.06,1648.34,0.49,3.72,562.34,1675.04,631210,4.02,292.07,12.52,4.48,1.45,6.02,1138.57,1704.39,1694.89,1786.01,7.37
India,2018,114.64,15.16,4.44,364.32,14.33,1692.74,1365.99,0.24,18.78,230.54,127.57,585946,4.48,705.71,7.07,13.64,7.43,9.93,1948.94,745.64,297,344.4,7.39
USA,2009,96.22,11.86,2.89,1110.45,2.06,1765.08,154.35,0.36,14.23,1892.68,1037.22,919618,18.2,1608.05,4.05,2.7,7.95,6.2,655.5,1043.66,930.65,632.92,9.81
Canada,2007,929.25,12.39,1.43,486.49,17.02,194.32,1341.76,0.26,17.19,1794.24,541.37,681541,3.03,1140.83,7.25,2.69,2.96,2.01,372.25,482.42,179.94,663.3,5.57
China,2002,1600.78,2.59,7.36,156.04,12.82,824.67,56.46,0.24,1.24,1365.08,180.24,597133,9.02,370.12,2.88,14.12,2.46,2.58,399.08,1646.81,1932.99,296.2,3.33
France,2007,1418.57,5.48,8.03,185.51,5.1,710.67,1738.1,0.32,7.29,381.77,227.5,222146,11.97,762.12,15.28,10.87,7.38,7.91,1637.42,1092.6,52.05,1253.7,4.52
Canada,2000,206.17,19.57,1.31,242.04,8.71,1011.39,45.98,0.46,15.2,1194.13,1643.27,925865,6.6,129.1,17.52,10.54,9.35,5.32,1654.99,1883.22,55.14,1121.47,4.24
China,2008,1826.9,7.5,3.6,1802.37,11.14,1809.32,1867.57,0.48,6.89,1130.83,1187.6,993512,8.4,167.48,4.83,6.92,6.71,8.19,837.78,1099.38,509.95,375.75,1.03
Australia,2000,1930.38,10.98,8.42,1099.83,4.2,293.24,953.73,0.36,9.79,1657.22,1088.42,264496,9.82,138.02,13.56,9.65,5.28,8.85,1303.16,787.9,1990.95,993.23,9.45
China,2009,1019,4.15,4.41,1114.59,16.73,1584.76,445.95,0.24,4.55,634.41,138.97,168965,3.9,538.24,2.84,1,6.56,1.62,468.02,1602.72,1917.87,1634.67,5.42
France,2012,1912.58,14.76,1.46,967.45,3.27,505.03,1699.26,0.31,6.99,841.22,933.04,39257,14.82,1857.1,14.12,3.77,2.55,6.29,182.18,488.43,865.84,945.18,2.93
USA,2014,1036.9,15.87,1.02,618.88,11.47,1128.49,1350.02,0.42,14.64,1718.79,597.38,159690,8.13,1104.73,6.27,2.14,2.45,5.44,1924.06,1750.49,1851.12,1796.16,6.95
France,2017,1203.98,16.45,6.11,958.99,1.88,231.28,1723.6,0.24,4.85,1836.53,1783.09,269064,3.1,1777.74,11.3,10.31,3.21,9.05,65.97,529.76,1358.57,139.36,9.15
USA,2003,970.51,5.01,1.11,950.29,3.51,290.06,418.09,0.31,10.7,1592.66,790.08,279512,7.21,1983.51,17.02,15.94,1.11,8.77,997.56,1372.17,802.18,710.95,6.94
China,2021,1256.44,4.04,5.96,1775.11,11.42,1621.77,115.62,0.58,19.8,1963.41,1791.73,418391,11.35,1131.56,3.22,10.04,2.22,4.88,662.1,1063.85,77.67,356.92,2.76
Canada,2010,840.17,4.82,9.46,1382.63,18.63,620.05,470.25,0.43,4.79,849.88,1739.33,892759,15.19,621.94,10.03,7.91,2.88,2.19,495.81,1486.91,1713.15,153.28,6.81
India,2006,1408.39,5.77,8.54,947.87,15.54,55.83,1530.22,0.49,15.79,561,129.17,104887,11.17,108.67,17.77,6.63,1.37,6.76,1756.24,856.39,1192.01,1249.85,7.49
Brazil,2022,1328.8,11.76,9.52,241.95,4.31,267.07,569.56,0.27,11.5,1355.18,566.94,581279,15.39,921.2,19.17,18.57,4.55,9.26,636.33,366.36,1208.79,1723.56,3.62
France,2015,655.9,6.96,7.49,1808.17,9.44,672.78,1013.58,0.6,11.21,1258.72,1670.55,803525,4.9,580.94,11.56,17.9,8.84,1.65,1633.05,537.23,1521.01,1564.21,9.83
Canada,2001,444.95,9.9,2.61,330.31,18.99,163.86,1478.68,0.35,16.51,1233.7,1189.76,209265,10.4,1375.02,6.7,17,1.4,8.38,693.93,616.18,214.59,1516.8,8.79
Australia,2017,235.28,15.7,6.21,1243.23,3.49,310.37,796.47,0.54,7.36,559.72,14.51,255623,11,60.13,1.7,10.52,6.71,4.04,369.36,1750.02,190.34,463.67,5.76
Australia,2010,595.4,2.69,7.52,1525.82,16.62,639.74,1461.32,0.53,13.41,1868.88,1513.91,854862,19.2,367.17,15.34,14.13,8.77,2.48,1071.64,1787.69,1487.27,1219.19,9.37
France,2009,854.46,18.98,6,295.22,6.83,809.4,1573.2,0.44,15.93,1663.72,1253.78,388239,14.23,33.96,5.78,11.15,8.09,9.31,1717.98,1116.82,1586.99,499.02,1.53
China,2015,1144.19,9.76,5.96,1297.65,19.52,941.94,18.67,0.47,10.07,483.91,258.27,255559,13.81,1193.6,19.56,2.39,6.53,5.43,555.33,1304.91,1006.39,1957.28,5.18
India,2011,993.22,1.94,4.2,244.75,5.1,550.38,1505.22,0.45,1.79,912.86,953.99,834191,12.1,1957.57,3.61,2.67,1.68,7.47,1511.32,1296.41,246.38,127.36,6.43
China,2013,977.29,2.63,2.03,659.77,15.91,1743.2,1542.32,0.26,19.49,612.9,557.22,856782,1.12,1719.1,19.71,4.5,9.04,7.06,1059.94,978.76,1689.38,169.95,6.16
India,2001,1871.35,1.16,8.9,719.48,19.13,1179.41,1425.29,0.42,13.51,495.24,1943.14,258353,10.98,1416.46,11.51,15.95,1.05,9.19,776.27,767.81,685.13,1581.73,3.67
Australia,2006,828.19,2.22,5.34,1753.41,4.09,203.58,1472.12,0.25,12.36,1997.82,1311.69,859437,6.63,1741.2,11.37,10.56,6.3,3.05,417.03,1825.89,1353.81,1391.68,4.9
Japan,2011,1308.87,12.77,5,150.17,15.11,811.1,1162.68,0.42,5.3,509.09,1945.05,66994,15.9,161.36,17.34,10.24,1.3,3.97,542.35,689.73,1477.55,1692.79,3
Australia,2007,558,16.74,4.16,58.76,13.39,747.53,1166.78,0.48,9.47,854.78,295.88,423941,5.65,204.35,2.17,4.48,2.79,4.04,210.3,893.53,1877.67,72.13,9.26
USA,2013,742.1,11.25,5.29,1965.99,5.29,1213.34,1398.75,0.5,5.23,173.27,967.91,883264,14.3,331.82,15.67,18.56,5.53,8.7,1464.56,768.98,1337.52,255.27,8.29
Canada,2013,1425.42,17.45,6.93,1040.65,13.72,563.04,1381.06,0.57,6.65,887.3,1761.55,117696,16.21,1006.02,6.77,6.37,1.2,3.16,1452.25,1867.45,1245.17,1151.4,4.32
Brazil,2021,612.5,18.09,9.01,1717.5,14.17,952.67,316.03,0.41,11.38,634.37,1797.45,353496,6.84,129.24,1.22,8.64,8.8,1.87,1742.7,1514.08,1608.53,685.89,4.19
Australia,2004,1976.6,4.07,3.81,1970.56,14.41,447.19,111.64,0.3,13.16,1329.61,1989.37,714405,7.35,1811.76,10.19,6.62,9.16,7.16,1856.38,1514.23,636.64,1862.31,3.89
UK,2019,577.11,14.96,7.31,455.9,14.82,393.84,205.25,0.59,18.69,1463.76,577.8,100203,19.14,638.46,15.73,13.57,5.6,3.34,1887.59,1978.21,992.5,1384.29,5.8
China,2020,410.22,5.55,8.14,1026.8,12.03,1102.91,1902.33,0.55,16.81,1530.4,1140.83,52416,19.01,819.55,2.2,14.21,7.61,6.97,1414.37,1415.88,642.08,1873.76,5.01
Brazil,2011,1503.64,8.32,5.89,728.02,4.25,1364.21,909.2,0.48,14.3,450.42,1501.94,985616,11.65,820.94,19.85,5.97,2.48,6.71,1666.67,67.03,842.77,1308.72,4.82
UK,2005,1940.36,17.38,2.37,1474.97,10.24,1906.88,969.52,0.46,18.82,1891.5,484.09,401251,9.23,507.22,12.37,9.68,8.59,6.54,454.38,1146.33,1875.99,882.16,6.36
Germany,2001,526.62,12.3,3.34,842.42,17.75,1829.76,51.96,0.38,12.45,340.06,1926.58,590621,3.63,1770.94,8.19,11.61,8.29,6.13,933.49,387.87,630.89,1122.09,2.24
China,2008,122,9.69,5.75,1476,18.18,770.29,685.88,0.42,14.79,328.78,427.16,312065,11.76,1148.03,17.44,7,5.54,7.05,1936.72,954.63,1300.44,507.28,2.62
Canada,2014,231.77,8.4,6.16,776.4,17.77,287.47,418.51,0.59,6.78,883.74,389.79,267935,9.25,1693.97,1.08,13.41,1.75,6.83,218.58,474.14,653.14,1391.89,4.87
France,2016,1600.77,4.05,9.93,338.57,19.45,1938.48,272.17,0.29,17.35,431.09,1662.82,263761,3.66,1976.28,12.05,6.91,1.07,5.73,1752.76,529.13,1608.99,1694.24,1.11
UK,2006,1159.14,19.18,1.55,1950.96,17.06,1715.6,1195.77,0.34,6.15,15.46,1215.17,718109,3.89,1227.09,19.85,15.17,4.8,8.81,1585.49,874.4,79.42,1494.43,2.12
Germany,2015,1428.44,16.75,6.13,1270.97,8.12,1325.91,1091.01,0.56,14.58,1924.87,1782.39,426000,11.4,1323.8,4.5,17.54,2.19,4.14,727.06,1216.07,545.26,1769.51,6.14
USA,2001,133.98,6.76,6.82,1799.03,11.72,940.75,799.23,0.46,19.47,1437.26,1656.96,691580,8.61,1839.47,3.89,16.86,3.56,8.05,796.8,610.89,1952.68,36.58,5.02
Brazil,2019,1338.36,7.11,2.3,1365.97,11.84,307.83,1486.73,0.55,12.63,427.79,431.99,371778,19.57,1248.94,4.19,16.96,7.76,2.33,708.96,1750.65,1169.06,1727.39,4.8
Japan,2011,1462.48,1.35,3.43,971.37,15.65,1661.25,215.56,0.47,7.67,1491.49,554.75,586348,16.07,784.61,5.16,4.02,5.95,2.78,1389.5,1148.74,348.8,1381.58,3.4
Japan,2022,1651.13,12.6,8.46,1659.04,9.2,563.06,831.34,0.51,14,872.42,1147.73,777177,19.08,47.8,13.61,12.01,9.89,1.92,1229.27,217.28,300.71,1179.25,6.41
USA,2007,630.56,3.36,6.67,581.43,18.01,939.22,1755.92,0.53,15.36,1117.3,1643.54,253849,3.9,349.57,13.3,13.85,8.95,6.63,1445.77,1063.11,483.3,1765.9,5.79
Canada,2012,1453.79,14,1.95,179.14,17.61,538.87,762.26,0.57,16.41,762.17,1027.35,769729,1.12,1774.53,5.09,2.21,3.59,3.11,727.3,751.62,544.03,1544.35,7.04
Japan,2005,1668.29,3.85,1.68,1510.04,17.4,1793.92,569.16,0.56,9.85,1478.4,1471.69,705783,9.98,928.05,18.84,15.04,3.8,5.02,361.94,849.07,1524.82,1101.8,9.29
Germany,2009,1740.52,13.83,9.61,482.41,8.41,1994.24,163.64,0.29,4.41,1853.19,1856.6,882710,6.59,701.29,10.08,1.61,2.86,6.59,519.65,770.18,551.56,1685.15,4.66
India,2002,1444.4,5.06,9.1,663.77,17.7,263.28,1345.25,0.31,11.96,1543.42,886.24,247747,10.27,1178.33,1.67,13.55,9.92,8.35,1327.79,899.23,1917.17,1884.91,3.68
Germany,2009,1628.18,6.72,8.87,1076.89,6.03,1406.6,774.9,0.54,4.56,1375.26,768.55,627652,13.71,981.2,7.42,8.88,4.77,3.34,1593.27,1055.91,1762.15,553.24,8.69
India,2005,1791.48,8.2,9.74,355.41,12.76,284.45,63.49,0.58,17.78,1996.4,1995.96,222564,11.18,1666.35,17.91,9.31,4.16,5.21,563.35,653.76,1884.74,392.84,3.89
China,2022,1397.58,14.29,2.19,420.5,12.47,1881.93,463.73,0.44,10.61,623.58,1325.49,197064,1.66,738.94,16.71,6.42,3.3,3.06,1962.29,1209.66,991.02,1679.86,9.81
USA,2021,398.13,15.49,8.18,36.79,13.65,1479.77,71.91,0.32,7.69,1557.53,638.32,756360,19.22,799.27,15.16,7.68,2.9,8.01,1855.61,414.37,1269.54,937.62,4.36
Australia,2019,1425.75,6.38,4.76,582.43,2.75,1131.38,616.57,0.59,5.67,143.56,1372.96,52826,1.55,922.47,7.09,13.66,2.36,7.92,584.57,763.47,1370.47,355.7,8.84
Germany,2016,475.58,6.89,8.1,1994.31,9.33,230.09,584.32,0.37,15.37,1736.76,1537.53,438368,7.27,1844.98,16.22,3.39,2.13,7.47,1153.49,766.83,72.18,1037.96,4.17
UK,2016,1303.71,5.7,6.46,235.52,17.36,549.23,1235.76,0.21,8.99,513.63,1297.43,597003,4.35,942.24,10.42,11.59,4.29,5.69,657.81,1205.83,118.3,1905.29,4.87
China,2010,481.51,2.05,2.27,1893.49,10.79,1916.95,882.98,0.56,12.86,1625.13,691.74,616348,10.43,1250.64,1.06,19.12,8.8,2.57,1586.95,157.41,1309.34,651.73,8.23
Japan,2009,1968.11,11.85,5.04,1923.07,6.79,1672.55,760.13,0.44,4.7,659.12,782.37,365063,14.08,75.69,13.82,15.46,9.64,7.3,1696.3,1676.95,555.66,1457.94,4.38
USA,2022,568.47,19.39,8.86,1408.97,4.09,1270.2,1406.08,0.47,17.81,1537.18,292.12,642321,9.04,1964.58,9.29,14.82,3.14,9.19,1337.69,1191.67,548.63,1949.27,3.87
USA,2005,664.24,4.49,8.01,1549.39,15.07,1327.89,186.71,0.41,14.67,1175.21,169.96,367914,16.92,1059.81,9.71,17.46,8.03,6.69,1875.18,121.71,273.17,21.51,2.49
USA,2011,1267.55,7.47,3.56,1143.19,7.5,37.53,1909.97,0.27,14.69,405.63,1706.71,315945,18.59,127.68,5.06,19.19,5.34,3.57,700.86,723.84,1129.82,1096.8,6.28
Japan,2022,83.98,18.44,4.71,1704.14,13.75,1257.61,1583.06,0.58,15.79,318.74,565.38,132789,17.93,492.3,9.09,18.06,1.04,8.43,1934.46,393.19,759.27,372.14,9.02
UK,2012,719.91,16.63,5.03,933.67,10.29,1030.66,1881.34,0.2,2.53,291.63,752.11,952636,8.75,1506.26,19.99,6.14,5.12,3.52,346.94,421.99,1161.03,1816.27,3.87
USA,2020,1921.25,15.56,7.21,180.63,10.64,199.22,1478.43,0.36,18.9,940.32,1658.41,613436,18.23,462.67,16.68,17.81,8.11,5.78,1961.21,899.22,870.56,1425.2,5.7
India,2016,1758.08,1.55,3.08,1180.7,5.24,862.31,1886.84,0.5,5.59,1422.86,559.75,717262,4.42,964.61,13.61,2.6,4.5,6.59,1762.2,847.3,1375.3,1956.55,4.83
Australia,2012,1085.09,3.47,6.28,207.9,17.87,1372.33,294.51,0.5,5.67,1566.07,1644.36,352151,12.06,707.8,10.19,17.03,9.23,1.78,428.79,591.23,47.14,1507.37,1.11
France,2009,1436.39,9.92,1.91,45.36,15.3,232.14,329.26,0.36,9.09,1692.27,1614.12,894578,8.47,517.28,19.78,5.26,4.14,7.87,735.42,1182.02,663.47,852.87,6.79
USA,2015,1992.76,13.66,3.22,999.22,8.6,198.3,132.28,0.23,15.05,1267.36,913.52,864849,19.79,354.54,11.69,7.78,7.64,4.72,1390.04,529.86,1265.76,1935.02,7.63
Australia,2001,530.66,17.05,7.41,879.67,11.4,1813.22,943.47,0.35,3.83,1934.12,1783.3,590976,19.79,1726.6,9.24,18.33,5.51,4.97,1639.21,1244.44,1060.41,913.92,3.11
China,2022,996.26,3.21,2.67,1461.61,15.99,289.42,435.78,0.21,13.85,236.92,719.03,246604,4.74,1910.51,7.39,19.62,1.03,8.89,1052.75,921.22,564.29,541.57,9.71
Australia,2016,823.04,8.81,2.3,1044.66,4.94,26.96,1671.17,0.58,14.5,590.16,1618.94,136359,19.27,1192.24,4.28,3.17,5.64,5.14,337.4,359.88,1486.65,211.27,4.95
China,2018,1049.96,17.45,3.46,1967.12,17.17,374.74,999.11,0.49,7.93,1968.45,720.36,85223,3.44,1802.84,6.7,5.31,8.94,2.45,1183.28,1753.31,315.72,1175.22,2.55
Canada,2022,407.92,18.79,6.72,1867.42,2.9,762.62,1623.7,0.45,14.79,906.2,711.02,281532,19.44,1035.96,15.41,19.69,2.13,4.16,697.91,1180.62,463.14,1401.95,8.34
China,2003,1303.15,19.45,4.9,468.47,10.78,1194.9,1341.82,0.37,4.52,351.58,245.15,804524,8.92,1332.48,4.01,4.73,3.6,2.38,651.27,553.05,1045.92,57.78,2.96
France,2005,998.3,18.52,2.53,49.72,4.79,187.32,1303.82,0.21,11.01,1849.03,1382.13,467886,13.82,1551.12,6.2,5.14,5.02,7.74,127.65,965.68,1168.86,1917.12,7.35
Brazil,2016,1944.8,18.97,3.1,71.83,4.05,359.05,1459.32,0.58,14.84,1200.96,645.13,819540,18.29,967.38,9.7,7.64,4.93,5.16,126.35,964.67,1552.16,1480.15,6.12
France,2011,1322.45,10.41,8.59,1394.83,12.92,92.19,246.69,0.23,18.33,1346.43,781.05,756062,10.25,665.2,8.42,12.75,8.09,9.1,584.03,745.65,139.32,35.16,7.14
Brazil,2017,1323.43,3.65,5.23,1287.08,2.77,1044.33,749.48,0.41,7.79,1180.02,1793.93,840512,11.78,905.74,6.54,18.36,7.22,7.09,1326.16,545.77,1535.19,1269.83,5.38
Japan,2000,1421.91,10.24,3.7,997.42,5.33,1919.47,1695.86,0.25,5.24,368.77,697.87,661979,9.24,1885.65,15.81,6.5,8.32,7.59,1867.78,1671.46,216.04,1936.65,2.57
USA,2017,1592.13,19.12,8.81,1193.08,7.99,648.54,1545.47,0.23,1.07,520.9,1603.68,24688,11.81,1914.22,3.07,5.02,2.38,4.32,677.49,1030.94,634.09,729.47,4.13
Germany,2014,435.28,1.49,1.01,338.87,8.87,693.59,1968.56,0.44,15.09,1499.47,1292.31,493669,12.68,249.1,10.17,12.15,8.27,3.57,1987.87,899.82,814.24,676.04,9.37
Germany,2020,1362.01,7.26,7.67,1569.64,3.46,1622.74,1044.49,0.47,6.1,804.93,596.89,122653,5.4,1475.89,6.47,8.21,6.31,9.08,1401.33,1613.15,1666,1577.13,8.5
UK,2000,1053.15,11.3,3.08,924.81,11.76,1683.42,413.01,0.32,3.39,134.28,270.9,255167,16.56,273.51,19.85,12.64,9.27,7.02,222.53,780.43,1287.66,925.95,9.98
Canada,2021,1224.59,19.1,1.41,1551.4,11.39,1633.76,943.33,0.23,3.81,257.45,1860.6,497209,15.96,944.46,2.53,19.41,9.29,4.07,1185.86,153.14,1413.98,337.2,6.68
Japan,2004,1532.75,8.38,8.11,1878.59,10.78,1519.83,1934.23,0.31,5.65,91.59,446.62,875392,4.82,23.03,8.76,8.88,1.87,8.63,500.95,731.96,1652.56,1739.88,1.18
Germany,2002,341.13,14.2,9.27,1970.62,15.28,292.26,1325.5,0.27,2.2,671.31,657.67,738786,2.85,1973.9,9.38,8.71,1.17,5.46,359.79,645.91,1391.33,1202.76,1
Japan,2004,152.55,4.28,2.6,1886.25,17.2,1391.23,992.06,0.29,5.26,1091.84,1595.53,978235,17.57,577.85,17.64,14.9,6.44,4.88,1497.16,1984.53,452.12,171.57,9.25
India,2022,151.73,16.2,4.67,698.78,11.26,648.42,1968.01,0.46,8.61,1548.53,1773.9,106851,11.85,807.82,9.56,14.74,8.28,5.11,238.61,89,769.75,1372.04,9.43
Japan,2018,1043.66,10.29,9.52,1268.28,7.25,993.33,1455.35,0.26,13.98,74.91,20.71,751675,19.95,573.81,19.64,16.14,6.25,5,1516.18,790.7,1068.58,673.5,9.88
Japan,2003,1752.86,16.69,1.48,1464.53,10.93,1279.9,242.99,0.48,16.41,870.22,361.86,687669,1.73,378.37,13.58,7.21,5.72,1.16,1100.54,736.08,1410.97,1303.69,3.3
France,2020,1482.43,12.59,1.46,760.49,15.98,573.78,1287.54,0.57,3.05,1799.86,1181.5,350938,11.79,202.57,1.65,18.26,4.78,7.56,807.04,536.23,616.21,1990.86,5.92
India,2016,1254.56,10.83,5.26,1155.4,10.05,1383.07,1154.69,0.24,12.49,292.42,443.45,570437,4.01,109.97,1.4,14.52,4.96,3,1401.51,681.36,523.55,1511.3,6.16
China,2020,1932.66,6.29,8.95,582.55,9.34,692.37,1219.89,0.41,16.15,71.93,1654.24,493652,13.25,687.16,5.56,16.73,1.48,1.39,318.81,1691.44,1740.33,1666.04,1.21
China,2008,142.95,14.66,8.83,687.44,14.53,1073.71,1139.3,0.48,11.24,1607.17,1031.58,102648,13.65,1785.45,14.94,17.69,5.19,5,542.67,1568.79,1856.28,557.7,4.63
Japan,2005,1801.17,3.66,5.31,35.85,5.41,844.86,610.73,0.35,3.89,37.65,1831.28,641109,18.34,1452.83,12.65,9.72,8.85,8.97,362.41,313.52,1949.75,1832.74,6.65
Japan,2023,301.86,10.33,1.43,386.36,13.33,436.43,1405.46,0.58,7.51,1563.14,653.75,300127,4.59,1298.77,11.49,6.58,4.65,9.4,1053.86,1889.02,1435.47,1922.88,6.34
Canada,2008,1172,15.51,7.13,1309.67,14.77,928.22,568.17,0.54,12.11,1281.76,714.3,939758,14.16,1365.36,10.55,11.85,6.15,4.93,241.52,780.43,409.77,395.37,6.86
India,2019,247.53,1.98,1.06,1391.9,9.99,48.56,139.92,0.57,17.96,1299.51,1989.35,103619,15.2,1129.14,18.31,3.38,7.41,9.49,1930.84,350.4,1735.09,402.42,5.87
Australia,2014,1778.24,5.52,5.7,1938.33,8.68,233.78,612.93,0.31,3.12,107.53,668.75,658390,9.76,40.52,2.21,4.19,6.43,7,317.44,1664.12,1452.56,482.93,8.33
Germany,2021,1971.21,11.66,2.2,1146.27,16.52,1146.47,492.27,0.56,4.91,787.15,658.94,249093,3.73,1382.46,11.98,9.23,9.31,6.85,1749,1313.03,1493.37,1532.64,7.67
Australia,2020,1449.92,18.34,6.96,1755.57,19.66,1434.74,48.25,0.3,6.59,1814.96,272.44,773011,11.81,10.61,13.78,2.19,9.01,1.54,235.43,448.58,1266.95,192.5,2.09
Brazil,2005,258.34,19.75,2.25,907.12,9.4,494.16,611.77,0.59,8.67,907.06,236.68,505061,8.58,1403.08,12.28,5.37,9.19,1.42,626.55,1752.6,1854.63,834.89,8.23
India,2006,1299.43,12.35,5.74,1082.19,3.05,1520.32,1367.93,0.37,19.07,950.92,510.74,971335,7.25,112.56,11.66,9.13,4.63,2.53,114.06,1660.33,580.93,471.87,9.23
UK,2000,1391.12,7.66,9.17,1256.08,7.85,259.48,1557.38,0.42,14.82,673.12,860.38,259979,2.86,1329.12,8.25,9.55,1.37,1.24,1913.94,752.31,1962.35,1032.85,8.18
Brazil,2010,265.24,1.71,8.87,1447.59,8.67,1349.76,534.24,0.58,10.08,342.06,293.9,30412,16.91,1354.11,9.57,16.28,7.05,9.4,86.68,1152.74,713.33,281.97,8.11
USA,2018,750.73,15.62,9.53,1569.48,4.23,1003.44,1971.49,0.26,6.98,404.43,1373.26,155719,13.02,1185.73,16.86,19.38,6.89,8.92,1408.28,75.02,1792.97,1799.81,9.49
China,2011,1119.05,2.19,6.02,1824.98,6,399.58,566.55,0.27,16.93,122.9,1456.92,856284,12,286.34,2.54,7.32,2.9,2.79,1538.6,1162.21,1841.28,1495.81,5.56
China,2021,735.96,5.5,2.43,101.42,15.85,239.45,966.64,0.44,4.61,336.16,677.17,83555,1.63,829.69,16.7,3.56,6.28,5.05,1812.07,931.07,888.68,1742.64,7.1
USA,2023,398.1,1.79,5.28,399.63,19.17,1078.09,400.44,0.27,12.36,911.46,419.53,326265,13.16,960.59,12.73,19.3,3.86,3.08,1061.27,1780.37,367.8,494.91,3.13
Australia,2008,667.61,17.66,1.39,1950.35,11.28,1651.6,678.12,0.57,19.2,1363.68,1195.79,681619,12.47,1352.28,10.99,1.41,1.22,3.97,1651.88,394.42,792.22,1415.8,1.33
China,2012,1173.08,5.63,2.63,1460,8.01,1522.57,1197.13,0.36,5.56,1334.49,275.33,680333,19.16,649.45,6.85,19.76,8.92,9.38,1340.24,178.76,54.33,1629.04,2.12
Japan,2012,589.76,17.6,3.34,1135.57,9.15,1103.02,1607.24,0.54,4.43,896.87,632.35,653839,4.32,1655.05,13.31,7.4,8.37,6.59,510.4,457,941.92,1855.21,5.71
Brazil,2008,369.43,2.3,5.83,1412.77,1.3,1780.96,825.42,0.54,17.87,943.18,1113.67,312777,5.76,1946.33,6.95,9.03,5.51,8.41,1868.31,250.23,1647.12,746.86,1.37
UK,2003,167.15,19.89,3.39,194.29,10.39,1659.44,1245.96,0.52,12.62,92.28,839.56,52379,12.76,789.76,18.12,5.58,1.96,2.32,326.38,1151.76,1108.33,1156.8,7.02
India,2018,437.61,18.03,2.09,1021.97,14.26,652.3,1488.92,0.29,14.27,1122.63,1423.43,627898,15.24,1012.02,4.38,12.22,7.8,5.37,729.21,378.74,269.33,818.77,3.38
Canada,2022,61.23,14.57,9.68,1565.45,13.92,1119.24,945.8,0.59,3.52,1061.02,1643.46,835356,4.21,1858.51,5.56,14.81,9.27,4.53,168.25,1065.9,280.3,422.61,9.01
UK,2023,1951.79,5.74,3.42,1494.37,14.48,1276.32,396.2,0.46,16.36,1566.2,457.23,297938,3.94,901.76,9.64,5.58,1.31,8.38,1705.64,406.6,36.86,730.08,4.74
France,2014,1244.23,7.05,8.72,684.49,14.67,1482.41,392.05,0.45,16.03,1449.65,1305.41,355583,17.98,1114.02,5.43,7.87,6.02,4.44,1546.2,1628.12,1994.97,591.3,7.16
Germany,2014,502.73,5.43,9.61,1131.53,13,997.3,1167.81,0.34,2.94,819.02,292.01,910052,15.77,1257.6,19.98,13.65,2.72,5.52,537.5,36.16,1256.99,595.4,5.81
USA,2003,1696.96,3.8,5.77,1378.57,10.03,1259.07,771.56,0.35,10.1,388.42,1979.52,306397,2.47,428.08,3.58,1.86,1.61,8.39,1727.05,1073.45,189.05,1183.2,7.16
Germany,2020,1454.75,17.18,3.82,317.91,8.83,451.55,1380.03,0.28,10.81,248.85,1508.3,363547,19.93,1148.5,14.79,2.59,3.78,2.87,687.42,1576.39,1340.89,452.24,4.69
USA,2005,382.85,10.33,1.42,1950.47,4.53,1475.25,342.24,0.23,9.59,278.49,1219.78,655903,9.84,624.42,3.78,14.51,8.72,6.34,1538.32,443.73,1682.48,648.19,4.33
UK,2014,1260.69,14.26,2.63,1951.74,4.41,1581.34,510.81,0.26,3.64,1209.27,732.33,527702,6.02,1769.13,5.58,3.46,3.35,5.34,783.85,345.01,1344.53,187.35,2.39
Brazil,2016,1990.61,12.51,1.29,311.48,10.91,927.21,594.69,0.24,8.88,1650.33,985.98,452063,17.28,1981.37,12.9,7.66,9.31,6.16,1890.31,1909.9,1100.59,519.42,1.62
China,2013,368.84,4.82,2.92,999.53,15.1,1925.81,1435.42,0.34,11.09,382.77,240.24,887797,18.39,1754.28,17.08,9.67,7.26,1.71,1665.59,1541.09,1673.18,1905.51,8.56
China,2015,424.17,10.7,8.25,1700.28,12.62,712.15,1447.02,0.26,4.36,198.45,300.27,838255,1.42,1600.47,9.2,19.66,4.41,6.74,815.16,1972.31,377.88,359.05,5.87
Australia,2017,175.04,2.62,2.09,1662.45,13.22,1729.36,757.49,0.58,11.17,1249.15,561.76,592804,4.31,1309.85,5.91,12.01,4.75,9.78,192.21,1692.65,1682.21,33.07,8.7
Japan,2016,358.9,8.62,3.99,1208.3,14.98,1859.92,958.63,0.26,7.51,602.81,792.98,246900,4.07,1576.38,5.13,19.01,1.65,2.34,1867.07,1791.88,975.97,1924.76,2.26
India,2005,461.8,10.1,1.41,822.29,11.28,768.41,78.28,0.39,10.3,382.71,940.17,491287,11.49,570.55,18.67,17.77,5.6,3.58,1867.99,1744.64,1928.05,1410.22,5.26
UK,2016,944.1,15.05,7.93,1125.58,8.34,1759.13,369.01,0.45,13.27,1170.29,815.82,93725,7.77,1137.24,4.64,6.69,7.87,9.77,352.69,464.29,1512.26,1560.04,5.93
Australia,2016,270.7,6.58,5.89,1609.66,11.7,314.08,705.48,0.49,4.65,1874.22,1759.28,478517,7.49,740.59,4.85,5.16,2.94,3.83,1894.63,81.43,841.95,648.17,5.04
USA,2022,1698.26,19.12,8.86,900.28,13,1744.1,1187.54,0.59,2.65,290.76,1275.07,111587,12.29,1368.27,4.3,16.88,5.95,9.48,1769.99,72.8,479.64,1367.69,4.98
Australia,2017,810.65,1.91,7.24,215.86,14.12,1916.22,580.43,0.34,1.29,905.4,1287.04,866232,17.97,440.05,13.19,3.85,9.33,9.5,1599.14,1540.8,1057.52,1322.76,4.66
Germany,2018,10.8,19.93,8.47,123.3,12.49,603.85,1624.16,0.5,13.13,1856.32,190.53,934719,8.17,1135.43,5.98,16.81,8.65,1.93,279.57,1587.98,1083.59,1662.11,5.77
USA,2003,1927.28,14.14,1.9,425.52,7.83,1605.44,1543.88,0.53,10.71,941.26,961.73,337247,14.36,1826.8,12.13,7.18,1.7,6.71,704.37,95.43,1553.3,913.73,1.13
Canada,2010,1031.33,7.67,7.81,1951.84,5.08,51.88,1598.61,0.42,5.44,880.54,401.72,822471,4.9,1386.43,8.72,12.74,8.95,3.94,1741.87,1270.26,1136.21,673.56,5.7
France,2015,772.58,4.72,8.39,199.37,5.98,272.08,1211.26,0.5,2.27,479,1392.96,470674,9.93,270.68,7.45,6.6,4.72,5.07,1987.18,1116.45,1083.71,1088.4,6.86
Brazil,2022,975.24,15.29,6.78,1961.33,5.55,781.16,1236.18,0.52,7.24,226.73,543.91,181740,13.75,81.01,11.49,18.48,9.35,6.55,835.77,206.14,1506.58,346.89,4.82
USA,2018,809.78,8.25,2.85,227.08,15.68,1122.68,915.31,0.55,14.17,1963.99,132.4,329601,19.82,1589.14,4.93,9.55,9.73,3.16,1014.13,1991.95,1568.38,1489.49,3.93
USA,2013,726.24,7,6.89,1934.08,3.34,1386.92,521.47,0.27,14.3,1656.82,1539.25,876603,9.27,1430.04,2.33,3.04,3.88,6.05,1142.57,95.59,927.78,941.57,8.3
Germany,2010,1218.91,18.84,6.73,1613.49,16.71,551.08,1573.8,0.42,2.17,1937.83,1143.98,422521,1.82,880.65,8.16,4.11,6.76,4.66,902.2,923.12,327.52,1404.52,3.77
UK,2013,266.92,2.03,7.98,1918.04,12.05,1218.84,1274.1,0.45,19.83,127.5,1305.73,602202,17.6,1769.36,8.41,7.72,8.68,5.84,875.65,136.11,307.92,17.94,2.43
Germany,2004,1037.17,3.13,8.14,1909.66,11.16,872.13,963.67,0.59,1.31,1804.63,85.53,629320,13.14,1603.87,1.39,6.02,9.53,3.25,1333.51,80.74,271.67,1182.91,2.82
Australia,2016,1328.91,7.65,7.36,588.55,17.05,1411,1351.72,0.51,2.73,1984.44,998.51,569132,11.89,154.65,3.88,7.13,7.32,5.37,898.55,1080.47,627.53,864.4,7.08
Canada,2007,414.2,4.85,7.2,831.12,15.54,400.62,777.37,0.46,11.51,1210.65,698.86,931221,19.57,1675.67,6.9,6.23,6.78,7.8,519.61,1294.61,1131.23,580.6,2.38
Japan,2007,717.73,6.67,4.89,1335.74,4.03,713.14,1774.71,0.33,3.58,425.14,587.06,334263,4.51,1885.04,6.71,19.33,8.37,1.78,686.21,526.31,1857.4,1458.03,3.95
UK,2015,957.69,8.55,4.91,1886.13,9.28,1272.49,848.87,0.22,14.63,1110.87,1432.24,102311,8.33,1358.39,3.17,5.81,5.55,5.96,28.22,378.32,72.85,1744.15,2.41
China,2001,1843.39,2.93,4.54,1971.41,7.94,1320.68,1925.79,0.22,5.46,1427.87,442.91,38617,3.7,1339.51,17.51,15.71,4.8,1.13,56.82,1932.07,628.77,1010.96,3.29
Japan,2010,1047.83,13.95,4.23,1790.4,9.02,215.42,670.6,0.32,6.84,1013.49,70.66,476874,8.87,203.02,13.53,8.21,8.63,9.8,1930.51,136.28,476.13,834.67,4.93
Brazil,2013,1490.2,4.11,5.59,1148.74,7.19,1343.69,1448.62,0.48,18.03,1394.17,1042.13,300108,16.64,138.55,19.51,14.58,4.48,5.33,1873.12,1351.6,1317.48,248.61,6.64
India,2022,751.94,12.19,7.51,1388,8.59,346.08,971.46,0.46,9.15,634.19,879.55,695139,3.27,1365.89,13.21,5.47,7.88,7.66,619.8,1510.57,692.86,1812.55,8.66
USA,2002,963.84,19.65,8.65,1670.01,16.49,934.13,260.7,0.47,6.38,1347.46,571.23,643375,19.76,1965.07,12.44,11.87,8.61,4.06,528.15,1195.57,359.03,618.54,6.19
USA,2000,692.61,2.61,5.18,1705,9.36,333.68,799.55,0.3,8.72,407.65,367.66,135857,14.37,834.63,6.66,7.28,8.57,3.49,384.45,537,1697.33,1057.67,3.4
Germany,2021,1497.3,13.43,4.99,465.89,7.56,1066.48,1834.83,0.22,4.9,1237.59,1319.67,788402,15.42,542.48,10.27,11.07,9.66,8.72,1701.25,738.71,361.42,186.09,3.3
Germany,2022,1083.7,13.4,4.78,1724.41,11.15,764.18,822.24,0.59,18.52,1546.62,71.17,614613,6.33,478.36,14.37,18.77,8.1,6.08,537.55,1059.92,1233.11,1821.99,5.15
Germany,2019,1687.44,18.44,4.98,795.09,13.47,359.27,1116.58,0.21,5.69,1962.71,908.25,712766,6.64,954.73,13.5,6.24,1.95,9.69,591.66,1370.92,1974.01,1812.03,5.78
Australia,2017,469.53,19.23,4.04,412.08,12.31,591.49,922.03,0.33,2.17,1563.33,1881.79,909633,15.96,137.13,15.38,18.67,6.07,8.15,491.88,791.92,170.65,1205.8,1.45
Germany,2000,1746.08,5.4,2.33,1220.27,12.53,1197.93,1761.48,0.31,3.38,59.71,1416.03,732464,9.71,134.63,12.28,12.23,8.97,3.55,1323.4,1957.61,886.86,1388.04,9.29
Canada,2012,729.7,1.08,5.42,1033.76,8.4,1618.24,1317.17,0.55,5.21,864.58,385.43,363002,1.85,750.69,15.62,14.82,3.56,7.24,821.32,1462.99,1096.62,1564,5.81
USA,2015,1186.84,8.93,3.69,378.92,1.31,1631.65,1075.46,0.25,19.63,216.71,1914.16,893292,7.7,1764.21,7.11,3.75,4.25,5.61,608.56,1937.45,1275.97,1363.52,6.99
India,2001,1111.45,15.55,5.52,1011.94,18.56,534.33,802.24,0.31,4.2,759.18,449.59,654386,3.56,290.58,13.13,1.9,9.92,6.05,1431.73,191.08,189,611.74,1.38
Canada,2015,1072.18,3.23,6.6,86.3,15.3,952.34,1841.57,0.44,19.79,998.81,1655.17,250640,9.96,30.25,17.66,16.42,3.98,4.83,163.13,1591.61,1072.13,1671.06,5.1
Australia,2013,137.15,5.62,2.5,1807.29,7.93,476.95,424.22,0.31,8.79,1037.15,553.09,634219,2.63,929.37,2.36,8.51,4.6,6.77,1350.11,60.42,106.75,619.56,6.8
USA,2014,913.95,13.29,4.3,1165.11,11.08,1429.77,1212.04,0.34,10.54,231.36,1872.73,606958,4.15,1695.93,15.76,7,6.39,5.91,1045.81,103.09,1762.34,1584.05,8.64
USA,2017,352.7,17.25,3.61,594.56,4.91,1812.08,610.99,0.41,18.55,1910.02,1265.9,917444,8.81,352.42,2.98,12.83,8.69,3.1,1886.02,980.84,1785.82,813.06,1.17
France,2019,1111.86,12.84,8.76,1245.33,4.71,1422.33,1279.09,0.56,5.28,1757.28,1606.71,439873,12.64,594.27,4.08,6.47,7.56,6.19,218.09,1462.2,1655.95,168.94,4.66
Canada,2009,916.52,13.07,8.35,1553.36,15.2,1446.28,14.04,0.43,17.44,1062.69,591.02,101514,11.48,511.85,4.75,18.89,4.48,2.59,1615.95,1548.54,55.23,1864.7,2.47
Brazil,2019,598.43,9.72,9.51,758.53,4.47,1954.16,1519.33,0.45,19.98,1926.99,1117.34,142120,9.6,713.35,16.89,12.27,8.14,4.25,325.09,141.02,1315.11,637.75,1.61
Canada,2016,1734.46,18.28,1.16,173.68,16.55,736.89,1541.04,0.27,6.88,1367.02,1381.03,362933,19.09,1893.25,12.94,13.28,2.64,3.65,623.42,1504.45,1471.36,1667.89,5.18
Brazil,2014,93.36,7.24,6.13,1388.11,4.57,1010.49,1930.67,0.37,5.76,1057.17,1648.58,469725,3.05,1847.96,15.78,17.7,7.34,1.52,504.35,1272.97,1645.48,1398.1,5.2
